 LAP_NUMBER,LAP_TIME, S1, S2, S3, KPH, ELAPSED, HOUR,S1_LARGE,S2_LARGE,S3_LARGE,Sum of Sheet1 (2).AIR_TEMP,Sum of Sheet1 (2).TRACK_TEMP,Sum of Sheet1 (2).HUMIDITY,Sum of Sheet1 (2).PRESSURE,Sum of Sheet1 (2).WIND_SPEED,Sum of Sheet1 (2).WIND_DIRECTION,ACO,AL,ALOTTE,AS,EMORT,J,JVER,LGRA,MEV,M¬úNT,N,NN,NVR,N¬úL,OROWL,OTUR,PWEHRL,RFRI,RR,SB,SBU,SVANDOO,S¬ÇM,TB,250,Qualifying Group 1,Qualifying Group 2,Qualifying Group 3,Qualifying Group 4
1,99,147.9,35.128,52.901,51.6,236,236,147.9,35.1,52.9,956.93524,1331.6,3530.67,49023.662,221.66721,10119,0,0,0,0,0,0,0,0,0,0,0,0,0,0,0,0,0,0,0,1,0,0,0,0,1,1,0,0,0
2,68,24.974,32.717,41.752,122.4,335.4,335.4,25,32.7,41.8,956.93524,1331.6,3530.67,49023.662,221.66721,10119,0,0,0,0,0,0,0,0,0,0,0,0,0,0,0,0,0,0,0,1,0,0,0,0,1,1,0,0,0
1,77,144.9,37.023,50.36,52.4,232.2,232.2,144.9,37,50.4,956.93524,1331.6,3530.67,49023.662,221.66721,10119,1,0,0,0,0,0,0,0,0,0,0,0,0,0,0,0,0,0,0,0,0,0,0,0,1,1,0,0,0
2,86,25.023,32.296,42.76,121.6,332.3,332.3,25,32.3,42.8,956.93524,1331.6,3530.67,49023.662,221.66721,10119,1,0,0,0,0,0,0,0,0,0,0,0,0,0,0,0,0,0,0,0,0,0,0,0,1,1,0,0,0
1,84,141.1,37.22,46.851,54,225.2,225.2,141.1,37.2,46.9,956.93524,1331.6,3530.67,49023.662,221.66721,10119,0,0,0,0,0,0,0,0,0,0,0,0,1,0,0,0,0,0,0,0,0,0,0,0,1,1,0,0,0
2,125,24.921,32.603,41.638,122.7,324.4,324.4,24.9,32.6,41.6,956.93524,1331.6,3530.67,49023.662,221.66721,10119,0,0,0,0,0,0,0,0,0,0,0,0,1,0,0,0,0,0,0,0,0,0,0,0,1,1,0,0,0
1,130,145.2,37.102,48.215,52.8,230.5,230.5,145.2,37.1,48.2,956.93524,1331.6,3530.67,49023.662,221.66721,10119,0,0,0,0,0,0,0,0,1,0,0,0,0,0,0,0,0,0,0,0,0,0,0,0,1,1,0,0,0
2,92,25.242,32.802,41.61,122.1,330.2,330.2,25.2,32.8,41.6,956.93524,1331.6,3530.67,49023.662,221.66721,10119,0,0,0,0,0,0,0,0,1,0,0,0,0,0,0,0,0,0,0,0,0,0,0,0,1,1,0,0,0
1,88,34.597,37.034,45.265,104.1,116.9,116.9,34.6,37,45.3,956.93524,1331.6,3530.67,49023.662,221.66721,10119,0,0,0,0,0,0,0,0,0,0,0,0,0,0,0,0,0,1,0,0,0,0,0,0,0,1,0,0,0
2,73,29.005,36.885,51.52,103.6,234.3,234.3,29,36.9,51.5,956.93524,1331.6,3530.67,49023.662,221.66721,10119,0,0,0,0,0,0,0,0,0,0,0,0,0,0,0,0,0,1,0,0,0,0,0,0,1,1,0,0,0
3,88,24.785,32.498,41.798,122.8,333.4,333.4,24.8,32.5,41.8,956.93524,1331.6,3530.67,49023.662,221.66721,10119,0,0,0,0,0,0,0,0,0,0,0,0,0,0,0,0,0,1,0,0,0,0,0,0,1,1,0,0,0
1,108,170,37.207,54.164,46.6,261.4,261.4,170,37.2,54.2,956.93524,1331.6,3530.67,49023.662,221.66721,10119,0,0,0,0,1,0,0,0,0,0,0,0,0,0,0,0,0,0,0,0,0,0,0,0,1,1,0,0,0
1,103,38.976,38.03,46.479,98.5,123.5,603.5,39,38,46.5,1149.8582,1536,4029.88,55677.088,329.28831,10237,0,0,0,0,0,0,0,0,0,0,0,0,0,0,1,0,0,0,0,0,0,0,0,0,0,0,1,0,0
2,71,27.244,35.358,49.294,108.7,235.4,715.4,27.2,35.4,49.3,1149.8582,1536,4029.88,55677.088,329.28831,10237,0,0,0,0,0,0,0,0,0,0,0,0,0,0,1,0,0,0,0,0,0,0,0,0,1,0,1,0,0
3,74,24.796,32.21,41.485,123.5,333.9,813.9,24.8,32.2,41.5,1149.8582,1536,4029.88,55677.088,329.28831,10237,0,0,0,0,0,0,0,0,0,0,0,0,0,0,1,0,0,0,0,0,0,0,0,0,1,0,1,0,0
1,92,36.619,38.258,46.631,100.1,121.5,601.5,36.6,38.3,46.6,1149.8582,1536,4029.88,55677.088,329.28831,10237,0,0,0,0,0,0,0,0,0,0,0,0,0,0,0,0,0,0,1,0,0,0,0,0,0,0,1,0,0
2,100,27.355,35.694,44.973,112.6,229.5,709.5,27.4,35.7,45,1149.8582,1536,4029.88,55677.088,329.28831,10237,0,0,0,0,0,0,0,0,0,0,0,0,0,0,0,0,0,0,1,0,0,0,0,0,1,0,1,0,0
3,82,24.914,32.397,70.1,95.5,356.9,836.9,24.9,32.4,70.1,1149.8582,1536,4029.88,55677.088,329.28831,10237,0,0,0,0,0,0,0,0,0,0,0,0,0,0,0,0,0,0,1,0,0,0,0,0,1,0,1,0,0
1,105,119.6,37.481,47.47,59.5,204.5,684.5,119.6,37.5,47.5,1149.8582,1536,4029.88,55677.088,329.28831,10237,0,0,0,0,0,0,0,0,0,0,0,0,0,1,0,0,0,0,0,0,0,0,0,0,1,0,1,0,0
2,85,25.515,32.538,42.004,121.6,304.6,784.6,25.5,32.5,42,1149.8582,1536,4029.88,55677.088,329.28831,10237,0,0,0,0,0,0,0,0,0,0,0,0,0,1,0,0,0,0,0,0,0,0,0,0,1,0,1,0,0
1,99,117.2,37.635,44.647,61,199.5,679.5,117.2,37.6,44.6,1149.8582,1536,4029.88,55677.088,329.28831,10237,0,0,0,0,0,0,0,0,0,0,0,0,0,0,0,0,0,0,0,0,0,0,1,0,1,0,1,0,0
2,118,25.366,32.799,41.778,121.7,299.4,779.4,25.4,32.8,41.8,1149.8582,1536,4029.88,55677.088,329.28831,10237,0,0,0,0,0,0,0,0,0,0,0,0,0,0,0,0,0,0,0,0,0,0,1,0,1,0,1,0,0
1,91,39.891,37.855,46.391,98,124.1,604.1,39.9,37.9,46.4,1149.8582,1536,4029.88,55677.088,329.28831,10237,0,0,0,0,0,0,0,0,0,0,0,0,0,0,0,0,1,0,0,0,0,0,0,0,0,0,1,0,0
2,135,27.375,35.179,45.216,112.9,231.9,711.9,27.4,35.2,45.2,1149.8582,1536,4029.88,55677.088,329.28831,10237,0,0,0,0,0,0,0,0,0,0,0,0,0,0,0,0,1,0,0,0,0,0,0,0,1,0,1,0,0
3,95,24.836,32.667,41.738,122.6,331.1,811.1,24.8,32.7,41.7,1149.8582,1536,4029.88,55677.088,329.28831,10237,0,0,0,0,0,0,0,0,0,0,0,0,0,0,0,0,1,0,0,0,0,0,0,0,1,0,1,0,0
1,74,33.799,37.433,46.082,103.7,117.3,1557.3,33.8,37.4,46.1,1097.9143,1565.6,3959.09,55465.996,305.23769,11385,0,0,0,0,0,0,0,0,0,0,0,0,0,0,0,0,0,0,0,0,1,0,0,0,0,0,0,0,1
2,165,27.839,36.143,45.679,111,227,1667,27.8,36.1,45.7,1097.9143,1565.6,3959.09,55465.996,305.23769,11385,0,0,0,0,0,0,0,0,0,0,0,0,0,0,0,0,0,0,0,0,1,0,0,0,1,0,0,0,1
3,107,24.96,32.712,41.676,122.5,326.3,1766.3,25,32.7,41.7,1097.9143,1565.6,3959.09,55465.996,305.23769,11385,0,0,0,0,0,0,0,0,0,0,0,0,0,0,0,0,0,0,0,0,1,0,0,0,1,0,0,0,1
1,89,99.6,36.407,43.292,67.9,179.3,1619.3,99.6,36.4,43.3,1097.9143,1565.6,3959.09,55465.996,305.23769,11385,0,0,0,0,0,0,0,0,0,1,0,0,0,0,0,0,0,0,0,0,0,0,0,0,1,0,0,0,1
2,97,25.108,32.519,41.441,122.8,278.4,1718.4,25.1,32.5,41.4,1097.9143,1565.6,3959.09,55465.996,305.23769,11385,0,0,0,0,0,0,0,0,0,1,0,0,0,0,0,0,0,0,0,0,0,0,0,0,1,0,0,0,1
1,149,34.788,38.221,45.628,102.6,118.6,1558.6,34.8,38.2,45.6,1097.9143,1565.6,3959.09,55465.996,305.23769,11385,0,0,0,0,0,0,0,0,0,0,1,0,0,0,0,0,0,0,0,0,0,0,0,0,0,0,0,0,1
2,117,27.568,36.217,47.296,109.5,229.7,1669.7,27.6,36.2,47.3,1097.9143,1565.6,3959.09,55465.996,305.23769,11385,0,0,0,0,0,0,0,0,0,0,1,0,0,0,0,0,0,0,0,0,0,0,0,0,1,0,0,0,1
1,69,40.993,38.111,45.755,97.5,124.9,1564.9,41,38.1,45.8,1097.9143,1565.6,3959.09,55465.996,305.23769,11385,0,0,0,0,0,0,0,0,0,0,0,1,0,0,0,0,0,0,0,0,0,0,0,0,0,0,0,0,1
2,85,27.759,35.04,47.777,110,235.4,1675.4,27.8,35,47.8,1097.9143,1565.6,3959.09,55465.996,305.23769,11385,0,0,0,0,0,0,0,0,0,0,0,1,0,0,0,0,0,0,0,0,0,0,0,0,1,0,0,0,1
3,113,25.016,33.201,41.545,122,335.2,1775.2,25,33.2,41.5,1097.9143,1565.6,3959.09,55465.996,305.23769,11385,0,0,0,0,0,0,0,0,0,0,0,1,0,0,0,0,0,0,0,0,0,0,0,0,1,0,0,0,1
1,85,35.798,38.105,45.498,101.9,119.4,1559.4,35.8,38.1,45.5,1097.9143,1565.6,3959.09,55465.996,305.23769,11385,0,0,0,0,0,0,0,0,0,0,0,0,0,0,0,0,0,0,0,0,0,0,0,1,0,0,0,0,1
2,79,27.627,36.312,47.996,108.7,231.3,1671.3,27.6,36.3,48,1097.9143,1565.6,3959.09,55465.996,305.23769,11385,0,0,0,0,0,0,0,0,0,0,0,0,0,0,0,0,0,0,0,0,0,0,0,1,1,0,0,0,1
3,85,25.171,32.89,42.059,121.5,331.5,1771.5,25.2,32.9,42.1,1097.9143,1565.6,3959.09,55465.996,305.23769,11385,0,0,0,0,0,0,0,0,0,0,0,0,0,0,0,0,0,0,0,0,0,0,0,1,1,0,0,0,1
1,94,37.885,37.886,46.984,99.1,122.8,1562.8,37.9,37.9,47,1097.9143,1565.6,3959.09,55465.996,305.23769,11385,0,1,0,0,0,0,0,0,0,0,0,0,0,0,0,0,0,0,0,0,0,0,0,0,0,0,0,0,1
2,102,28.426,35.436,47.369,109.4,234,1674,28.4,35.4,47.4,1097.9143,1565.6,3959.09,55465.996,305.23769,11385,0,1,0,0,0,0,0,0,0,0,0,0,0,0,0,0,0,0,0,0,0,0,0,0,1,0,0,0,1
3,71,25.185,32.615,41.943,122,333.7,1773.7,25.2,32.6,41.9,1097.9143,1565.6,3959.09,55465.996,305.23769,11385,0,1,0,0,0,0,0,0,0,0,0,0,0,0,0,0,0,0,0,0,0,0,0,0,1,0,0,0,1
1,73,36.213,37.194,45.101,102.7,118.5,1078.5,36.2,37.2,45.1,1128.6822,1451,4205.35,57072.362,269.27793,10300,0,0,0,0,0,0,0,1,0,0,0,0,0,0,0,0,0,0,0,0,0,0,0,0,0,0,0,1,0
2,85,26.517,35.238,48.713,110.1,229,1189,26.5,35.2,48.7,1128.6822,1451,4205.35,57072.362,269.27793,10300,0,0,0,0,0,0,0,1,0,0,0,0,0,0,0,0,0,0,0,0,0,0,0,0,1,0,0,1,0
3,76,24.862,32.545,41.643,122.8,328,1288,24.9,32.5,41.6,1128.6822,1451,4205.35,57072.362,269.27793,10300,0,0,0,0,0,0,0,1,0,0,0,0,0,0,0,0,0,0,0,0,0,0,0,0,1,0,0,1,0
1,90,35.933,36.965,45.326,102.9,118.2,1078.2,35.9,37,45.3,1128.6822,1451,4205.35,57072.362,269.27793,10300,0,0,0,0,0,0,1,0,0,0,0,0,0,0,0,0,0,0,0,0,0,0,0,0,0,0,0,1,0
2,120,26.445,35.087,47.534,111.6,227.3,1187.3,26.4,35.1,47.5,1128.6822,1451,4205.35,57072.362,269.27793,10300,0,0,0,0,0,0,1,0,0,0,0,0,0,0,0,0,0,0,0,0,0,0,0,0,1,0,0,1,0
3,99,24.84,32.513,41.713,122.8,326.4,1286.4,24.8,32.5,41.7,1128.6822,1451,4205.35,57072.362,269.27793,10300,0,0,0,0,0,0,1,0,0,0,0,0,0,0,0,0,0,0,0,0,0,0,0,0,1,0,0,1,0
1,94,36.825,37.285,45.317,101.9,119.4,1079.4,36.8,37.3,45.3,1128.6822,1451,4205.35,57072.362,269.27793,10300,0,0,0,0,0,1,0,0,0,0,0,0,0,0,0,0,0,0,0,0,0,0,0,0,0,0,0,1,0
2,118,26.502,35.195,51.288,107.7,232.4,1192.4,26.5,35.2,51.3,1128.6822,1451,4205.35,57072.362,269.27793,10300,0,0,0,0,0,1,0,0,0,0,0,0,0,0,0,0,0,0,0,0,0,0,0,0,1,0,0,1,0
3,109,25.292,32.725,42.439,121.1,332.9,1292.9,25.3,32.7,42.4,1128.6822,1451,4205.35,57072.362,269.27793,10300,0,0,0,0,0,1,0,0,0,0,0,0,0,0,0,0,0,0,0,0,0,0,0,0,1,0,0,1,0
1,168,128.2,36.198,43.372,58.6,207.8,1167.8,128.2,36.2,43.4,1128.6822,1451,4205.35,57072.362,269.27793,10300,0,0,0,1,0,0,0,0,0,0,0,0,0,0,0,0,0,0,0,0,0,0,0,0,1,0,0,1,0
2,96,25.288,32.733,41.808,121.9,307.6,1267.6,25.3,32.7,41.8,1128.6822,1451,4205.35,57072.362,269.27793,10300,0,0,0,1,0,0,0,0,0,0,0,0,0,0,0,0,0,0,0,0,0,0,0,0,1,0,0,1,0
1,90,36.418,37.187,45.349,102.3,119,1079,36.4,37.2,45.3,1128.6822,1451,4205.35,57072.362,269.27793,10300,0,0,1,0,0,0,0,0,0,0,0,0,0,0,0,0,0,0,0,0,0,0,0,0,0,0,0,1,0
2,99,26.665,34.956,50.018,109,230.6,1190.6,26.7,35,50,1128.6822,1451,4205.35,57072.362,269.27793,10300,0,0,1,0,0,0,0,0,0,0,0,0,0,0,0,0,0,0,0,0,0,0,0,0,1,0,0,1,0
3,90,24.803,32.334,41.49,123.4,329.2,1289.2,24.8,32.3,41.5,1128.6822,1451,4205.35,57072.362,269.27793,10300,0,0,1,0,0,0,0,0,0,0,0,0,0,0,0,0,0,0,0,0,0,0,0,0,1,0,0,1,0
1,90,140.5,37.305,46.091,54.3,223.9,1183.9,140.5,37.3,46.1,1128.6822,1451,4205.35,57072.362,269.27793,10300,0,0,0,0,0,0,0,0,0,0,0,0,0,0,0,0,0,0,0,0,0,1,0,0,1,0,0,1,0
2,69,25.09,32.368,41.505,123,322.9,1282.9,25.1,32.4,41.5,1128.6822,1451,4205.35,57072.362,269.27793,10300,0,0,0,0,0,0,0,0,0,0,0,0,0,0,0,0,0,0,0,0,0,1,0,0,1,0,0,1,0
1,89,110.4,22.215,33.896,53.9,166.5,166.5,110.4,22.2,33.9,956.93524,1331.6,3530.67,49023.662,221.66721,10119,0,0,0,0,0,0,0,0,1,0,0,0,0,0,0,0,0,0,0,0,0,0,0,0,0,1,0,0,0
2,72,24.127,19.213,30.528,121.6,240.4,240.4,24.1,19.2,30.5,956.93524,1331.6,3530.67,49023.662,221.66721,10119,0,0,0,0,0,0,0,0,1,0,0,0,0,0,0,0,0,0,0,0,0,0,0,0,1,1,0,0,0
1,178,109.3,22.814,34.181,54,166.3,166.3,109.3,22.8,34.2,956.93524,1331.6,3530.67,49023.662,221.66721,10119,0,0,0,0,0,0,0,0,0,0,0,0,0,0,1,0,0,0,0,0,0,0,0,0,0,1,0,0,0
2,185,24.076,19.316,30.235,122,239.9,239.9,24.1,19.3,30.2,956.93524,1331.6,3530.67,49023.662,221.66721,10119,0,0,0,0,0,0,0,0,0,0,0,0,0,0,1,0,0,0,0,0,0,0,0,0,1,1,0,0,0
3,117,22.135,17.795,28.868,130.6,308.7,308.7,22.1,17.8,28.9,956.93524,1331.6,3530.67,49023.662,221.66721,10119,0,0,0,0,0,0,0,0,0,0,0,0,0,0,1,0,0,0,0,0,0,0,0,0,1,1,0,0,0
1,119,114.3,19.63,32.86,53.9,166.7,166.7,114.3,19.6,32.9,956.93524,1331.6,3530.67,49023.662,221.66721,10119,0,0,0,0,0,0,0,0,0,0,0,0,0,0,0,0,0,0,1,0,0,0,0,0,0,1,0,0,0
2,80,24.222,19.219,30.513,121.5,240.7,240.7,24.2,19.2,30.5,956.93524,1331.6,3530.67,49023.662,221.66721,10119,0,0,0,0,0,0,0,0,0,0,0,0,0,0,0,0,0,0,1,0,0,0,0,0,1,1,0,0,0
1,84,175.8,19.202,30.557,39.8,225.5,225.5,175.8,19.2,30.6,956.93524,1331.6,3530.67,49023.662,221.66721,10119,0,0,0,0,0,0,0,0,0,0,0,0,0,0,0,0,1,0,0,0,0,0,0,0,1,1,0,0,0
2,91,22.473,18.034,29.094,129,295.1,295.1,22.5,18,29.1,956.93524,1331.6,3530.67,49023.662,221.66721,10119,0,0,0,0,0,0,0,0,0,0,0,0,0,0,0,0,1,0,0,0,0,0,0,0,1,1,0,0,0
1,172,92,21.136,33.606,61.2,146.7,626.7,92,21.1,33.6,1149.8582,1536,4029.88,55677.088,329.28831,10237,0,0,0,0,0,0,0,1,0,0,0,0,0,0,0,0,0,0,0,0,0,0,0,0,0,0,1,0,0
2,88,23.117,19.732,36.311,113.5,225.9,705.9,23.1,19.7,36.3,1149.8582,1536,4029.88,55677.088,329.28831,10237,0,0,0,0,0,0,0,1,0,0,0,0,0,0,0,0,0,0,0,0,0,0,0,0,1,0,1,0,0
3,120,22.077,17.7,29.193,130.2,294.8,774.8,22.1,17.7,29.2,1149.8582,1536,4029.88,55677.088,329.28831,10237,0,0,0,0,0,0,0,1,0,0,0,0,0,0,0,0,0,0,0,0,0,0,0,0,1,0,1,0,0
1,144,94.4,20.448,32.499,61,147.4,627.4,94.4,20.4,32.5,1149.8582,1536,4029.88,55677.088,329.28831,10237,1,0,0,0,0,0,0,0,0,0,0,0,0,0,0,0,0,0,0,0,0,0,0,0,0,0,1,0,0
2,83,24.381,19.382,31.667,119.1,222.8,702.8,24.4,19.4,31.7,1149.8582,1536,4029.88,55677.088,329.28831,10237,1,0,0,0,0,0,0,0,0,0,0,0,0,0,0,0,0,0,0,0,0,0,0,0,1,0,1,0,0
3,124,21.884,17.805,28.96,130.8,291.4,771.4,21.9,17.8,29,1149.8582,1536,4029.88,55677.088,329.28831,10237,1,0,0,0,0,0,0,0,0,0,0,0,0,0,0,0,0,0,0,0,0,0,0,0,1,0,1,0,0
1,71,103.8,19.47,31.021,58.2,154.3,634.3,103.8,19.5,31,1149.8582,1536,4029.88,55677.088,329.28831,10237,0,0,0,0,0,1,0,0,0,0,0,0,0,0,0,0,0,0,0,0,0,0,0,0,0,0,1,0,0
2,69,24.515,19.255,35.309,113.6,233.4,713.4,24.5,19.3,35.3,1149.8582,1536,4029.88,55677.088,329.28831,10237,0,0,0,0,0,1,0,0,0,0,0,0,0,0,0,0,0,0,0,0,0,0,0,0,1,0,1,0,0
3,83,22.335,19.527,29.332,126.2,304.6,784.6,22.3,19.5,29.3,1149.8582,1536,4029.88,55677.088,329.28831,10237,0,0,0,0,0,1,0,0,0,0,0,0,0,0,0,0,0,0,0,0,0,0,0,0,1,0,1,0,0
1,81,78.7,19.09,31.36,69.6,129.1,609.1,78.7,19.1,31.4,1149.8582,1536,4029.88,55677.088,329.28831,10237,0,0,0,1,0,0,0,0,0,0,0,0,0,0,0,0,0,0,0,0,0,0,0,0,0,0,1,0,0
2,105,23.198,18.755,29.489,125.7,200.6,680.6,23.2,18.8,29.5,1149.8582,1536,4029.88,55677.088,329.28831,10237,0,0,0,1,0,0,0,0,0,0,0,0,0,0,0,0,0,0,0,0,0,0,0,0,1,0,1,0,0
3,98,22.202,17.82,28.854,130.4,269.5,749.5,22.2,17.8,28.9,1149.8582,1536,4029.88,55677.088,329.28831,10237,0,0,0,1,0,0,0,0,0,0,0,0,0,0,0,0,0,0,0,0,0,0,0,0,1,0,1,0,0
1,124,91,21.822,34.986,60.8,147.8,627.8,91,21.8,35,1149.8582,1536,4029.88,55677.088,329.28831,10237,0,0,0,0,0,0,0,0,0,0,0,0,0,0,0,1,0,0,0,0,0,0,0,0,0,0,1,0,0
2,113,24.958,20.158,36.885,109.5,229.8,709.8,25,20.2,36.9,1149.8582,1536,4029.88,55677.088,329.28831,10237,0,0,0,0,0,0,0,0,0,0,0,0,0,0,0,1,0,0,0,0,0,0,0,0,1,0,1,0,0
3,88,21.986,17.73,28.708,131.3,298.2,778.2,22,17.7,28.7,1149.8582,1536,4029.88,55677.088,329.28831,10237,0,0,0,0,0,0,0,0,0,0,0,0,0,0,0,1,0,0,0,0,0,0,0,0,1,0,1,0,0
1,85,83.6,24.067,34.853,63,142.5,1582.5,83.6,24.1,34.9,1097.9143,1565.6,3959.09,55465.996,305.23769,11385,0,0,0,0,0,0,0,0,0,0,0,0,0,0,0,0,0,0,0,1,0,0,0,0,0,0,0,0,1
2,101,24.516,19.823,31.816,117.9,218.7,1658.7,24.5,19.8,31.8,1097.9143,1565.6,3959.09,55465.996,305.23769,11385,0,0,0,0,0,0,0,0,0,0,0,0,0,0,0,0,0,0,0,1,0,0,0,0,1,0,0,0,1
3,84,22.116,17.647,28.621,131.3,287.1,1727.1,22.1,17.6,28.6,1097.9143,1565.6,3959.09,55465.996,305.23769,11385,0,0,0,0,0,0,0,0,0,0,0,0,0,0,0,0,0,0,0,1,0,0,0,0,1,0,0,0,1
1,71,59.084,20.46,33.251,79.6,112.8,1552.8,59.1,20.5,33.3,1097.9143,1565.6,3959.09,55465.996,305.23769,11385,0,0,0,0,0,0,0,0,0,1,0,0,0,0,0,0,0,0,0,0,0,0,0,0,0,0,0,0,1
2,112,24.107,19.007,30.014,122.8,185.9,1625.9,24.1,19,30,1097.9143,1565.6,3959.09,55465.996,305.23769,11385,0,0,0,0,0,0,0,0,0,1,0,0,0,0,0,0,0,0,0,0,0,0,0,0,1,0,0,0,1
3,177,21.929,17.817,29.051,130.6,254.7,1694.7,21.9,17.8,29.1,1097.9143,1565.6,3959.09,55465.996,305.23769,11385,0,0,0,0,0,0,0,0,0,1,0,0,0,0,0,0,0,0,0,0,0,0,0,0,1,0,0,0,1
1,105,82.8,24.148,36.407,62.7,143.3,1583.3,82.8,24.1,36.4,1097.9143,1565.6,3959.09,55465.996,305.23769,11385,0,0,0,0,0,0,0,0,0,0,1,0,0,0,0,0,0,0,0,0,0,0,0,0,0,0,0,0,1
2,91,26.925,21.544,33.925,109,225.7,1665.7,26.9,21.5,33.9,1097.9143,1565.6,3959.09,55465.996,305.23769,11385,0,0,0,0,0,0,0,0,0,0,1,0,0,0,0,0,0,0,0,0,0,0,0,0,1,0,0,0,1
3,94,22.019,17.767,28.947,130.7,294.5,1734.5,22,17.8,28.9,1097.9143,1565.6,3959.09,55465.996,305.23769,11385,0,0,0,0,0,0,0,0,0,0,1,0,0,0,0,0,0,0,0,0,0,0,0,0,1,0,0,0,1
1,94,63.9,23.078,34.392,74,121.3,1561.3,63.9,23.1,34.4,1097.9143,1565.6,3959.09,55465.996,305.23769,11385,0,0,0,0,0,0,0,0,0,0,0,0,0,1,0,0,0,0,0,0,0,0,0,0,0,0,0,0,1
2,86,24.508,20.177,31.486,117.9,197.5,1637.5,24.5,20.2,31.5,1097.9143,1565.6,3959.09,55465.996,305.23769,11385,0,0,0,0,0,0,0,0,0,0,0,0,0,1,0,0,0,0,0,0,0,0,0,0,1,0,0,0,1
3,103,21.977,17.784,28.671,131.3,265.9,1705.9,22,17.8,28.7,1097.9143,1565.6,3959.09,55465.996,305.23769,11385,0,0,0,0,0,0,0,0,0,0,0,0,0,1,0,0,0,0,0,0,0,0,0,0,1,0,0,0,1
1,83,72.5,21.021,34.861,69.9,128.4,1568.4,72.5,21,34.9,1097.9143,1565.6,3959.09,55465.996,305.23769,11385,0,0,0,0,0,0,0,0,0,0,0,0,0,0,0,0,0,0,0,0,0,0,1,0,0,0,0,0,1
2,73,23.58,18.581,35.306,115.9,205.9,1645.9,23.6,18.6,35.3,1097.9143,1565.6,3959.09,55465.996,305.23769,11385,0,0,0,0,0,0,0,0,0,0,0,0,0,0,0,0,0,0,0,0,0,0,1,0,1,0,0,0,1
3,115,21.981,17.658,28.694,131.4,274.2,1714.2,22,17.7,28.7,1097.9143,1565.6,3959.09,55465.996,305.23769,11385,0,0,0,0,0,0,0,0,0,0,0,0,0,0,0,0,0,0,0,0,0,0,1,0,1,0,0,0,1
1,85,83.3,23.964,35.008,63.1,142.3,1582.3,83.3,24,35,1097.9143,1565.6,3959.09,55465.996,305.23769,11385,0,1,0,0,0,0,0,0,0,0,0,0,0,0,0,0,0,0,0,0,0,0,0,0,0,0,0,0,1
2,82,26.348,20.148,32.954,113.1,221.7,1661.7,26.3,20.1,33,1097.9143,1565.6,3959.09,55465.996,305.23769,11385,0,1,0,0,0,0,0,0,0,0,0,0,0,0,0,0,0,0,0,0,0,0,0,0,1,0,0,0,1
3,90,21.928,17.756,28.948,130.9,290.4,1730.4,21.9,17.8,28.9,1097.9143,1565.6,3959.09,55465.996,305.23769,11385,0,1,0,0,0,0,0,0,0,0,0,0,0,0,0,0,0,0,0,0,0,0,0,0,1,0,0,0,1
1,163,90.7,19.6,31.877,63.2,142.1,1102.1,90.7,19.6,31.9,1128.6822,1451,4205.35,57072.362,269.27793,10300,0,0,0,0,0,0,0,0,0,0,0,0,0,0,0,0,0,0,0,0,1,0,0,0,0,0,0,1,0
2,104,23.826,19.612,30.266,121.9,215.8,1175.8,23.8,19.6,30.3,1128.6822,1451,4205.35,57072.362,269.27793,10300,0,0,0,0,0,0,0,0,0,0,0,0,0,0,0,0,0,0,0,0,1,0,0,0,1,0,0,1,0
3,116,21.864,17.816,28.864,131,284.4,1244.4,21.9,17.8,28.9,1128.6822,1451,4205.35,57072.362,269.27793,10300,0,0,0,0,0,0,0,0,0,0,0,0,0,0,0,0,0,0,0,0,1,0,0,0,1,0,0,1,0
1,136,84,23.944,35.147,62.8,143.1,1103.1,84,23.9,35.1,1128.6822,1451,4205.35,57072.362,269.27793,10300,0,0,0,0,0,0,1,0,0,0,0,0,0,0,0,0,0,0,0,0,0,0,0,0,0,0,0,1,0
2,69,25.596,20.236,31.622,116,220.5,1180.5,25.6,20.2,31.6,1128.6822,1451,4205.35,57072.362,269.27793,10300,0,0,0,0,0,0,1,0,0,0,0,0,0,0,0,0,0,0,0,0,0,0,0,0,1,0,0,1,0
3,88,21.758,17.594,29.119,131.2,289,1249,21.8,17.6,29.1,1128.6822,1451,4205.35,57072.362,269.27793,10300,0,0,0,0,0,0,1,0,0,0,0,0,0,0,0,0,0,0,0,0,0,0,0,0,1,0,0,1,0
1,106,91.7,20.038,32.376,62.3,144.1,1104.1,91.7,20,32.4,1128.6822,1451,4205.35,57072.362,269.27793,10300,0,0,0,0,0,0,0,0,0,0,0,0,0,0,0,0,0,1,0,0,0,0,0,0,0,0,0,1,0
2,84,25.592,20.89,35.763,109.2,226.3,1186.3,25.6,20.9,35.8,1128.6822,1451,4205.35,57072.362,269.27793,10300,0,0,0,0,0,0,0,0,0,0,0,0,0,0,0,0,0,1,0,0,0,0,0,0,1,0,0,1,0
3,71,21.659,17.593,28.558,132.5,294.2,1254.2,21.7,17.6,28.6,1128.6822,1451,4205.35,57072.362,269.27793,10300,0,0,0,0,0,0,0,0,0,0,0,0,0,0,0,0,0,1,0,0,0,0,0,0,1,0,0,1,0
1,95,82.3,23.729,37.572,62.5,143.6,1103.6,82.3,23.7,37.6,1128.6822,1451,4205.35,57072.362,269.27793,10300,0,0,0,0,0,0,0,0,0,0,0,0,0,0,0,0,0,0,0,0,0,0,0,1,0,0,0,1,0
2,105,25.738,20.84,32.97,112.9,223.2,1183.2,25.7,20.8,33,1128.6822,1451,4205.35,57072.362,269.27793,10300,0,0,0,0,0,0,0,0,0,0,0,0,0,0,0,0,0,0,0,0,0,0,0,1,1,0,0,1,0
3,93,22.005,17.751,28.611,131.4,291.5,1251.5,22,17.8,28.6,1128.6822,1451,4205.35,57072.362,269.27793,10300,0,0,0,0,0,0,0,0,0,0,0,0,0,0,0,0,0,0,0,0,0,0,0,1,1,0,0,1,0
1,68,61.7,36.259,29.887,95.1,127.8,127.8,61.7,36.3,29.9,956.93524,1331.6,3530.67,49023.662,221.66721,10119,0,0,0,0,0,0,0,0,0,0,0,0,0,0,0,0,0,0,0,1,0,0,0,0,0,1,0,0,0
2,88,33.588,34.57,35.939,116.8,231.9,231.9,33.6,34.6,35.9,956.93524,1331.6,3530.67,49023.662,221.66721,10119,0,0,0,0,0,0,0,0,0,0,0,0,0,0,0,0,0,0,0,1,0,0,0,0,1,1,0,0,0
3,94,32.179,33.655,28.646,128.6,326.4,326.4,32.2,33.7,28.6,956.93524,1331.6,3530.67,49023.662,221.66721,10119,0,0,0,0,0,0,0,0,0,0,0,0,0,0,0,0,0,0,0,1,0,0,0,0,1,1,0,0,0
1,122,60.2,36.013,29.967,96.3,126.2,126.2,60.2,36,30,956.93524,1331.6,3530.67,49023.662,221.66721,10119,0,0,0,0,0,0,0,0,0,0,0,0,1,0,0,0,0,0,0,0,0,0,0,0,0,1,0,0,0
2,110,33.76,34.753,31.254,121.8,226,226,33.8,34.8,31.3,956.93524,1331.6,3530.67,49023.662,221.66721,10119,0,0,0,0,0,0,0,0,0,0,0,0,1,0,0,0,0,0,0,0,0,0,0,0,1,1,0,0,0
3,100,32.067,33.626,28.726,128.7,320.4,320.4,32.1,33.6,28.7,956.93524,1331.6,3530.67,49023.662,221.66721,10119,0,0,0,0,0,0,0,0,0,0,0,0,1,0,0,0,0,0,0,0,0,0,0,0,1,1,0,0,0
1,92,61,35.746,30.293,95.7,127.1,127.1,61,35.7,30.3,956.93524,1331.6,3530.67,49023.662,221.66721,10119,0,0,0,0,0,0,0,0,1,0,0,0,0,0,0,0,0,0,0,0,0,0,0,0,0,1,0,0,0
2,83,33.583,34.825,32.31,120.7,227.8,227.8,33.6,34.8,32.3,956.93524,1331.6,3530.67,49023.662,221.66721,10119,0,0,0,0,0,0,0,0,1,0,0,0,0,0,0,0,0,0,0,0,0,0,0,0,1,1,0,0,0
3,99,32.32,33.469,28.326,129.1,321.9,321.9,32.3,33.5,28.3,956.93524,1331.6,3530.67,49023.662,221.66721,10119,0,0,0,0,0,0,0,0,1,0,0,0,0,0,0,0,0,0,0,0,0,0,0,0,1,1,0,0,0
1,102,63.1,35.448,29.979,94.6,128.5,128.5,63.1,35.4,30,956.93524,1331.6,3530.67,49023.662,221.66721,10119,0,0,0,0,0,0,0,0,0,0,0,0,0,0,0,0,0,1,0,0,0,0,0,0,0,1,0,0,0
2,140,33.834,34.395,32.768,120.3,229.5,229.5,33.8,34.4,32.8,956.93524,1331.6,3530.67,49023.662,221.66721,10119,0,0,0,0,0,0,0,0,0,0,0,0,0,0,0,0,0,1,0,0,0,0,0,0,1,1,0,0,0
3,95,32.214,33.444,28.508,129.1,323.7,323.7,32.2,33.4,28.5,956.93524,1331.6,3530.67,49023.662,221.66721,10119,0,0,0,0,0,0,0,0,0,0,0,0,0,0,0,0,0,1,0,0,0,0,0,0,1,1,0,0,0
1,92,54.135,36.656,30.815,99.9,121.6,121.6,54.1,36.7,30.8,956.93524,1331.6,3530.67,49023.662,221.66721,10119,0,0,0,0,0,0,0,0,0,0,0,0,0,0,0,0,0,0,0,0,0,1,0,0,0,1,0,0,0
2,108,34.423,35.162,30.765,121.1,222,222,34.4,35.2,30.8,956.93524,1331.6,3530.67,49023.662,221.66721,10119,0,0,0,0,0,0,0,0,0,0,0,0,0,0,0,0,0,0,0,0,0,1,0,0,1,1,0,0,0
3,71,32.273,33.894,28.249,128.7,316.4,316.4,32.3,33.9,28.2,956.93524,1331.6,3530.67,49023.662,221.66721,10119,0,0,0,0,0,0,0,0,0,0,0,0,0,0,0,0,0,0,0,0,0,1,0,0,1,1,0,0,0
1,105,51.074,36.134,29.853,103.8,117.1,117.1,51.1,36.1,29.9,956.93524,1331.6,3530.67,49023.662,221.66721,10119,0,0,0,0,0,0,0,0,0,0,0,0,0,0,0,0,1,0,0,0,0,0,0,0,0,1,0,0,0
2,74,33.678,34.543,29.194,124.8,214.5,214.5,33.7,34.5,29.2,956.93524,1331.6,3530.67,49023.662,221.66721,10119,0,0,0,0,0,0,0,0,0,0,0,0,0,0,0,0,1,0,0,0,0,0,0,0,1,1,0,0,0
3,118,32.215,33.392,28.138,129.6,308.2,308.2,32.2,33.4,28.1,956.93524,1331.6,3530.67,49023.662,221.66721,10119,0,0,0,0,0,0,0,0,0,0,0,0,0,0,0,0,1,0,0,0,0,0,0,0,1,1,0,0,0
1,82,51.913,36.651,31.33,101.4,119.9,599.9,51.9,36.7,31.3,1149.8582,1536,4029.88,55677.088,329.28831,10237,1,0,0,0,0,0,0,0,0,0,0,0,0,0,0,0,0,0,0,0,0,0,0,0,0,0,1,0,0
2,71,33.527,34.685,32.709,120.4,220.8,700.8,33.5,34.7,32.7,1149.8582,1536,4029.88,55677.088,329.28831,10237,1,0,0,0,0,0,0,0,0,0,0,0,0,0,0,0,0,0,0,0,0,0,0,0,1,0,1,0,0
3,89,32.004,33.058,28.542,129.8,314.4,794.4,32,33.1,28.5,1149.8582,1536,4029.88,55677.088,329.28831,10237,1,0,0,0,0,0,0,0,0,0,0,0,0,0,0,0,0,0,0,0,0,0,0,0,1,0,1,0,0
1,127,46.005,36.772,32.155,105.7,114.9,594.9,46,36.8,32.2,1149.8582,1536,4029.88,55677.088,329.28831,10237,0,0,0,0,0,0,1,0,0,0,0,0,0,0,0,0,0,0,0,0,0,0,0,0,0,0,1,0,0
2,124,33.473,34.183,28.915,125.9,211.5,691.5,33.5,34.2,28.9,1149.8582,1536,4029.88,55677.088,329.28831,10237,0,0,0,0,0,0,1,0,0,0,0,0,0,0,0,0,0,0,0,0,0,0,0,0,1,0,1,0,0
3,116,31.993,33.218,27.987,130.4,304.7,784.7,32,33.2,28,1149.8582,1536,4029.88,55677.088,329.28831,10237,0,0,0,0,0,0,1,0,0,0,0,0,0,0,0,0,0,0,0,0,0,0,0,0,1,0,1,0,0
1,104,53.461,35.777,31.435,100.7,120.7,600.7,53.5,35.8,31.4,1149.8582,1536,4029.88,55677.088,329.28831,10237,0,0,0,1,0,0,0,0,0,0,0,0,0,0,0,0,0,0,0,0,0,0,0,0,0,0,1,0,0
2,140,34.276,35.764,32.934,118,223.6,703.6,34.3,35.8,32.9,1149.8582,1536,4029.88,55677.088,329.28831,10237,0,0,0,1,0,0,0,0,0,0,0,0,0,0,0,0,0,0,0,0,0,0,0,0,1,0,1,0,0
3,97,32.15,33.086,28.243,130,317.1,797.1,32.1,33.1,28.2,1149.8582,1536,4029.88,55677.088,329.28831,10237,0,0,0,1,0,0,0,0,0,0,0,0,0,0,0,0,0,0,0,0,0,0,0,0,1,0,1,0,0
1,79,48.82,36.61,31.181,104.2,116.6,596.6,48.8,36.6,31.2,1149.8582,1536,4029.88,55677.088,329.28831,10237,0,0,0,0,0,0,0,0,0,0,0,0,0,0,0,0,0,0,1,0,0,0,0,0,0,0,1,0,0
2,79,33.415,35.35,30.655,122.2,216,696,33.4,35.3,30.7,1149.8582,1536,4029.88,55677.088,329.28831,10237,0,0,0,0,0,0,0,0,0,0,0,0,0,0,0,0,0,0,1,0,0,0,0,0,1,0,1,0,0
3,102,31.917,33.625,28.337,129.5,309.9,789.9,31.9,33.6,28.3,1149.8582,1536,4029.88,55677.088,329.28831,10237,0,0,0,0,0,0,0,0,0,0,0,0,0,0,0,0,0,0,1,0,0,0,0,0,1,0,1,0,0
1,92,51.926,35.621,30.018,103.4,117.6,597.6,51.9,35.6,30,1149.8582,1536,4029.88,55677.088,329.28831,10237,0,0,0,0,1,0,0,0,0,0,0,0,0,0,0,0,0,0,0,0,0,0,0,0,0,0,1,0,0
2,105,33.297,35.144,32.822,120,218.8,698.8,33.3,35.1,32.8,1149.8582,1536,4029.88,55677.088,329.28831,10237,0,0,0,0,1,0,0,0,0,0,0,0,0,0,0,0,0,0,0,0,0,0,0,0,1,0,1,0,0
3,77,31.979,33.397,28.522,129.4,312.7,792.7,32,33.4,28.5,1149.8582,1536,4029.88,55677.088,329.28831,10237,0,0,0,0,1,0,0,0,0,0,0,0,0,0,0,0,0,0,0,0,0,0,0,0,1,0,1,0,0
1,134,54.047,35.773,31.961,99.8,121.8,601.8,54,35.8,32,1149.8582,1536,4029.88,55677.088,329.28831,10237,0,0,0,0,0,0,0,0,0,0,0,0,0,1,0,0,0,0,0,0,0,0,0,0,0,0,1,0,0
2,96,33.674,36,36.76,114.2,228.2,708.2,33.7,36,36.8,1149.8582,1536,4029.88,55677.088,329.28831,10237,0,0,0,0,0,0,0,0,0,0,0,0,0,1,0,0,0,0,0,0,0,0,0,0,1,0,1,0,0
3,177,32.288,33.515,28.785,128.5,322.8,802.8,32.3,33.5,28.8,1149.8582,1536,4029.88,55677.088,329.28831,10237,0,0,0,0,0,0,0,0,0,0,0,0,0,1,0,0,0,0,0,0,0,0,0,0,1,0,1,0,0
1,106,46.274,34.973,29.766,109.5,111,1551,46.3,35,29.8,1097.9143,1565.6,3959.09,55465.996,305.23769,11385,0,0,0,0,0,1,0,0,0,0,0,0,0,0,0,0,0,0,0,0,0,0,0,0,0,0,0,0,1
2,70,32.994,33.982,28.873,126.8,206.9,1646.9,33,34,28.9,1097.9143,1565.6,3959.09,55465.996,305.23769,11385,0,0,0,0,0,1,0,0,0,0,0,0,0,0,0,0,0,0,0,0,0,0,0,0,1,0,0,0,1
3,177,31.215,32.86,27.78,132.3,298.7,1738.7,31.2,32.9,27.8,1097.9143,1565.6,3959.09,55465.996,305.23769,11385,0,0,0,0,0,1,0,0,0,0,0,0,0,0,0,0,0,0,0,0,0,0,0,0,1,0,0,0,1
1,98,50.014,35.499,30.887,104.4,116.4,1556.4,50,35.5,30.9,1097.9143,1565.6,3959.09,55465.996,305.23769,11385,0,0,1,0,0,0,0,0,0,0,0,0,0,0,0,0,0,0,0,0,0,0,0,0,0,0,0,0,1
2,86,33.604,34.513,29.846,124.1,214.4,1654.4,33.6,34.5,29.8,1097.9143,1565.6,3959.09,55465.996,305.23769,11385,0,0,1,0,0,0,0,0,0,0,0,0,0,0,0,0,0,0,0,0,0,0,0,0,1,0,0,0,1
3,80,31.102,32.768,28.088,132.2,306.3,1746.3,31.1,32.8,28.1,1097.9143,1565.6,3959.09,55465.996,305.23769,11385,0,0,1,0,0,0,0,0,0,0,0,0,0,0,0,0,0,0,0,0,0,0,0,0,1,0,0,0,1
1,75,54.072,36.458,31.057,100,121.6,1561.6,54.1,36.5,31.1,1097.9143,1565.6,3959.09,55465.996,305.23769,11385,0,0,0,0,0,0,0,0,0,0,0,1,0,0,0,0,0,0,0,0,0,0,0,0,0,0,0,0,1
2,73,33.746,34.871,29.774,123.5,220,1660,33.7,34.9,29.8,1097.9143,1565.6,3959.09,55465.996,305.23769,11385,0,0,0,0,0,0,0,0,0,0,0,1,0,0,0,0,0,0,0,0,0,0,0,0,1,0,0,0,1
3,86,31.064,33.682,28.409,130.5,313.1,1753.1,31.1,33.7,28.4,1097.9143,1565.6,3959.09,55465.996,305.23769,11385,0,0,0,0,0,0,0,0,0,0,0,1,0,0,0,0,0,0,0,0,0,0,0,0,1,0,0,0,1
1,102,61.4,36.516,30.479,94.6,128.4,1568.4,61.4,36.5,30.5,1097.9143,1565.6,3959.09,55465.996,305.23769,11385,0,0,0,0,0,0,0,0,0,0,0,0,0,0,0,1,0,0,0,0,0,0,0,0,0,0,0,0,1
2,95,33.375,35.332,30.158,122.9,227.3,1667.3,33.4,35.3,30.2,1097.9143,1565.6,3959.09,55465.996,305.23769,11385,0,0,0,0,0,0,0,0,0,0,0,0,0,0,0,1,0,0,0,0,0,0,0,0,1,0,0,0,1
3,113,31.463,33.288,28.199,130.8,320.3,1760.3,31.5,33.3,28.2,1097.9143,1565.6,3959.09,55465.996,305.23769,11385,0,0,0,0,0,0,0,0,0,0,0,0,0,0,0,1,0,0,0,0,0,0,0,0,1,0,0,0,1
1,68,62.9,37.624,31.496,92.1,132,1572,62.9,37.6,31.5,1097.9143,1565.6,3959.09,55465.996,305.23769,11385,0,0,0,0,0,0,0,0,0,0,0,0,0,0,0,0,0,0,0,0,0,0,0,1,0,0,0,0,1
2,72,32.916,34.375,31.238,123.4,230.5,1670.5,32.9,34.4,31.2,1097.9143,1565.6,3959.09,55465.996,305.23769,11385,0,0,0,0,0,0,0,0,0,0,0,0,0,0,0,0,0,0,0,0,0,0,0,1,1,0,0,0,1
3,96,31.233,33.26,28.234,131.1,323.3,1763.3,31.2,33.3,28.2,1097.9143,1565.6,3959.09,55465.996,305.23769,11385,0,0,0,0,0,0,0,0,0,0,0,0,0,0,0,0,0,0,0,0,0,0,0,1,1,0,0,0,1
1,73,73.6,35.385,29.697,87.6,138.7,1578.7,73.6,35.4,29.7,1097.9143,1565.6,3959.09,55465.996,305.23769,11385,0,1,0,0,0,0,0,0,0,0,0,0,0,0,0,0,0,0,0,0,0,0,0,0,0,0,0,0,1
2,119,32.992,33.877,28.74,127.1,234.3,1674.3,33,33.9,28.7,1097.9143,1565.6,3959.09,55465.996,305.23769,11385,0,1,0,0,0,0,0,0,0,0,0,0,0,0,0,0,0,0,0,0,0,0,0,0,1,0,0,0,1
3,88,31.385,32.943,28.257,131.3,326.9,1766.9,31.4,32.9,28.3,1097.9143,1565.6,3959.09,55465.996,305.23769,11385,0,1,0,0,0,0,0,0,0,0,0,0,0,0,0,0,0,0,0,0,0,0,0,0,1,0,0,0,1
1,101,53.03,35.712,30.878,101.6,119.6,1079.6,53,35.7,30.9,1128.6822,1451,4205.35,57072.362,269.27793,10300,0,0,0,0,0,0,0,1,0,0,0,0,0,0,0,0,0,0,0,0,0,0,0,0,0,0,0,1,0
2,94,33.412,35.094,34.003,118.6,222.1,1182.1,33.4,35.1,34,1128.6822,1451,4205.35,57072.362,269.27793,10300,0,0,0,0,0,0,0,1,0,0,0,0,0,0,0,0,0,0,0,0,0,0,0,0,1,0,0,1,0
3,84,32.711,33.438,28.461,128.5,316.7,1276.7,32.7,33.4,28.5,1128.6822,1451,4205.35,57072.362,269.27793,10300,0,0,0,0,0,0,0,1,0,0,0,0,0,0,0,0,0,0,0,0,0,0,0,0,1,0,0,1,0
1,91,46.423,35.48,29.911,108.7,111.8,1071.8,46.4,35.5,29.9,1128.6822,1451,4205.35,57072.362,269.27793,10300,0,0,0,0,0,0,0,0,0,0,0,0,0,0,1,0,0,0,0,0,0,0,0,0,0,0,0,1,0
2,83,33.769,34.431,29.297,124.7,209.3,1169.3,33.8,34.4,29.3,1128.6822,1451,4205.35,57072.362,269.27793,10300,0,0,0,0,0,0,0,0,0,0,0,0,0,0,1,0,0,0,0,0,0,0,0,0,1,0,0,1,0
3,91,31.992,33.222,28.122,130.2,302.6,1262.6,32,33.2,28.1,1128.6822,1451,4205.35,57072.362,269.27793,10300,0,0,0,0,0,0,0,0,0,0,0,0,0,0,1,0,0,0,0,0,0,0,0,0,1,0,0,1,0
1,71,47.658,35.339,29.88,107.7,112.9,1072.9,47.7,35.3,29.9,1128.6822,1451,4205.35,57072.362,269.27793,10300,0,0,0,0,0,0,0,0,0,0,0,0,0,0,0,0,0,0,0,0,1,0,0,0,0,0,0,1,0
2,89,33.474,34.474,30.405,123.6,211.2,1171.2,33.5,34.5,30.4,1128.6822,1451,4205.35,57072.362,269.27793,10300,0,0,0,0,0,0,0,0,0,0,0,0,0,0,0,0,0,0,0,0,1,0,0,0,1,0,0,1,0
3,129,31.83,33.244,28.316,130.1,304.6,1264.6,31.8,33.2,28.3,1128.6822,1451,4205.35,57072.362,269.27793,10300,0,0,0,0,0,0,0,0,0,0,0,0,0,0,0,0,0,0,0,0,1,0,0,0,1,0,0,1,0
1,84,52.015,35.629,29.969,103.3,117.6,1077.6,52,35.6,30,1128.6822,1451,4205.35,57072.362,269.27793,10300,0,0,0,0,0,0,0,0,0,1,0,0,0,0,0,0,0,0,0,0,0,0,0,0,0,0,0,1,0
2,90,33.346,36.102,32.532,119.2,219.6,1179.6,33.3,36.1,32.5,1128.6822,1451,4205.35,57072.362,269.27793,10300,0,0,0,0,0,0,0,0,0,1,0,0,0,0,0,0,0,0,0,0,0,0,0,0,1,0,0,1,0
3,111,32.202,33.248,28.079,129.9,313.1,1273.1,32.2,33.2,28.1,1128.6822,1451,4205.35,57072.362,269.27793,10300,0,0,0,0,0,0,0,0,0,1,0,0,0,0,0,0,0,0,0,0,0,0,0,0,1,0,0,1,0
1,79,50.846,35.35,30.948,103.7,117.1,1077.1,50.8,35.3,30.9,1128.6822,1451,4205.35,57072.362,269.27793,10300,0,0,0,0,0,0,0,0,0,0,1,0,0,0,0,0,0,0,0,0,0,0,0,0,0,0,0,1,0
2,90,32.878,33.953,31.007,124.2,215,1175,32.9,34,31,1128.6822,1451,4205.35,57072.362,269.27793,10300,0,0,0,0,0,0,0,0,0,0,1,0,0,0,0,0,0,0,0,0,0,0,0,0,1,0,0,1,0
3,71,31.521,32.706,30.151,128.8,309.4,1269.4,31.5,32.7,30.2,1128.6822,1451,4205.35,57072.362,269.27793,10300,0,0,0,0,0,0,0,0,0,0,1,0,0,0,0,0,0,0,0,0,0,0,0,0,1,0,0,1,0
1,84,68.7,36.845,29.806,89.8,135.3,1095.3,68.7,36.8,29.8,1128.6822,1451,4205.35,57072.362,269.27793,10300,0,0,0,0,0,0,0,0,0,0,0,0,0,0,0,0,0,0,0,0,0,0,1,0,0,0,0,1,0
2,98,33.261,34.995,30.552,123,234.1,1194.1,33.3,35,30.6,1128.6822,1451,4205.35,57072.362,269.27793,10300,0,0,0,0,0,0,0,0,0,0,0,0,0,0,0,0,0,0,0,0,0,0,1,0,1,0,0,1,0
3,88,31.904,33.199,28.349,130.1,327.6,1287.6,31.9,33.2,28.3,1128.6822,1451,4205.35,57072.362,269.27793,10300,0,0,0,0,0,0,0,0,0,0,0,0,0,0,0,0,0,0,0,0,0,0,1,0,1,0,0,1,0
1,102,162.6,39.716,36.095,45,238.4,238.4,162.6,39.7,36.1,956.93524,1331.6,3530.67,49023.662,221.66721,10119,1,0,0,0,0,0,0,0,0,0,0,0,0,0,0,0,0,0,0,0,0,0,0,0,0,1,0,0,0
2,131,27.246,29.168,28.497,126.4,323.3,323.3,27.2,29.2,28.5,956.93524,1331.6,3530.67,49023.662,221.66721,10119,1,0,0,0,0,0,0,0,0,0,0,0,0,0,0,0,0,0,0,0,0,0,0,0,0,1,0,0,0
1,86,164.2,37.662,35.116,45.3,236.9,236.9,164.2,37.7,35.1,956.93524,1331.6,3530.67,49023.662,221.66721,10119,0,0,0,0,0,0,0,0,0,0,0,0,1,0,0,0,0,0,0,0,0,0,0,0,0,1,0,0,0
2,99,27.37,29.214,28.227,126.6,321.8,321.8,27.4,29.2,28.2,956.93524,1331.6,3530.67,49023.662,221.66721,10119,0,0,0,0,0,0,0,0,0,0,0,0,1,0,0,0,0,0,0,0,0,0,0,0,0,1,0,0,0
1,149,163.2,39.36,33.036,45.6,235.6,235.6,163.2,39.4,33,956.93524,1331.6,3530.67,49023.662,221.66721,10119,0,0,0,0,0,0,0,0,1,0,0,0,0,0,0,0,0,0,0,0,0,0,0,0,0,1,0,0,0
2,89,27.105,29.309,28.342,126.7,320.4,320.4,27.1,29.3,28.3,956.93524,1331.6,3530.67,49023.662,221.66721,10119,0,0,0,0,0,0,0,0,1,0,0,0,0,0,0,0,0,0,0,0,0,0,0,0,0,1,0,0,0
1,73,161.5,39.689,33.451,45.8,234.6,234.6,161.5,39.7,33.5,956.93524,1331.6,3530.67,49023.662,221.66721,10119,0,0,0,0,0,0,0,0,0,0,0,0,0,0,0,0,0,0,1,0,0,0,0,0,0,1,0,0,0
2,88,28.989,29.452,29.32,122.3,322.4,322.4,29,29.5,29.3,956.93524,1331.6,3530.67,49023.662,221.66721,10119,0,0,0,0,0,0,0,0,0,0,0,0,0,0,0,0,0,0,1,0,0,0,0,0,0,1,0,0,0
1,75,163.9,38.719,35.328,45.1,237.9,237.9,163.9,38.7,35.3,956.93524,1331.6,3530.67,49023.662,221.66721,10119,0,0,0,0,0,0,0,0,0,0,0,0,0,0,0,0,0,1,0,0,0,0,0,0,0,1,0,0,0
2,88,26.74,29.314,28.853,126.4,322.8,322.8,26.7,29.3,28.9,956.93524,1331.6,3530.67,49023.662,221.66721,10119,0,0,0,0,0,0,0,0,0,0,0,0,0,0,0,0,0,1,0,0,0,0,0,0,0,1,0,0,0
1,116,164.7,38.168,35.401,45.1,238.3,238.3,164.7,38.2,35.4,956.93524,1331.6,3530.67,49023.662,221.66721,10119,0,0,0,0,0,0,0,0,0,0,0,0,0,0,0,0,0,0,0,0,0,1,0,0,0,1,0,0,0
2,95,26.89,29.197,28.649,126.7,323,323,26.9,29.2,28.6,956.93524,1331.6,3530.67,49023.662,221.66721,10119,0,0,0,0,0,0,0,0,0,0,0,0,0,0,0,0,0,0,0,0,0,1,0,0,0,1,0,0,0
1,83,157.6,34.952,38.378,46.5,231,711,157.6,35,38.4,1149.8582,1536,4029.88,55677.088,329.28831,10237,0,0,0,0,0,0,0,0,0,0,0,0,0,0,0,0,0,0,0,1,0,0,0,0,1,0,1,0,0
2,105,26.986,28.881,28.425,127.4,315.2,795.2,27,28.9,28.4,1149.8582,1536,4029.88,55677.088,329.28831,10237,0,0,0,0,0,0,0,0,0,0,0,0,0,0,0,0,0,0,0,1,0,0,0,0,1,0,1,0,0
1,133,157.1,34.714,36.349,47.1,228.1,708.1,157.1,34.7,36.3,1149.8582,1536,4029.88,55677.088,329.28831,10237,0,0,0,0,0,0,0,1,0,0,0,0,0,0,0,0,0,0,0,0,0,0,0,0,1,0,1,0,0
2,102,26.645,29.226,28.113,127.8,312.1,792.1,26.6,29.2,28.1,1149.8582,1536,4029.88,55677.088,329.28831,10237,0,0,0,0,0,0,0,1,0,0,0,0,0,0,0,0,0,0,0,0,0,0,0,0,1,0,1,0,0
1,92,153.2,35.006,34.034,48.3,222.3,702.3,153.2,35,34,1149.8582,1536,4029.88,55677.088,329.28831,10237,0,0,0,0,0,0,1,0,0,0,0,0,0,0,0,0,0,0,0,0,0,0,0,0,1,0,1,0,0
2,96,26.309,28.875,28.02,129,305.5,785.5,26.3,28.9,28,1149.8582,1536,4029.88,55677.088,329.28831,10237,0,0,0,0,0,0,1,0,0,0,0,0,0,0,0,0,0,0,0,0,0,0,0,0,1,0,1,0,0
1,84,150.6,34.71,32.85,49.2,218.2,698.2,150.6,34.7,32.8,1149.8582,1536,4029.88,55677.088,329.28831,10237,0,0,0,0,0,1,0,0,0,0,0,0,0,0,0,0,0,0,0,0,0,0,0,0,1,0,1,0,0
2,73,26.177,28.846,27.793,129.6,301,781,26.2,28.8,27.8,1149.8582,1536,4029.88,55677.088,329.28831,10237,0,0,0,0,0,1,0,0,0,0,0,0,0,0,0,0,0,0,0,0,0,0,0,0,1,0,1,0,0
1,127,148.6,34.172,31.119,50.2,213.9,693.9,148.6,34.2,31.1,1149.8582,1536,4029.88,55677.088,329.28831,10237,0,0,0,1,0,0,0,0,0,0,0,0,0,0,0,0,0,0,0,0,0,0,0,0,1,0,1,0,0
2,82,26.959,29.151,28.069,127.5,298.1,778.1,27,29.2,28.1,1149.8582,1536,4029.88,55677.088,329.28831,10237,0,0,0,1,0,0,0,0,0,0,0,0,0,0,0,0,0,0,0,0,0,0,0,0,1,0,1,0,0
1,96,156.5,34.218,35.152,47.5,225.9,705.9,156.5,34.2,35.2,1149.8582,1536,4029.88,55677.088,329.28831,10237,0,0,0,0,1,0,0,0,0,0,0,0,0,0,0,0,0,0,0,0,0,0,0,0,1,0,1,0,0
2,74,26.37,29.012,27.853,129,309.1,789.1,26.4,29,27.9,1149.8582,1536,4029.88,55677.088,329.28831,10237,0,0,0,0,1,0,0,0,0,0,0,0,0,0,0,0,0,0,0,0,0,0,0,0,1,0,1,0,0
1,91,163.9,33.497,34.484,46.3,231.9,1671.9,163.9,33.5,34.5,1097.9143,1565.6,3959.09,55465.996,305.23769,11385,0,0,0,0,0,0,0,0,0,0,0,0,0,0,0,0,0,0,0,0,1,0,0,0,1,0,0,0,1
2,116,26.602,28.92,27.933,128.6,315.4,1755.3,26.6,28.9,27.9,1097.9143,1565.6,3959.09,55465.996,305.23769,11385,0,0,0,0,0,0,0,0,0,0,0,0,0,0,0,0,0,0,0,0,1,0,0,0,1,0,0,0,1
1,85,154.3,35.121,32.021,48.5,221.4,1661.4,154.3,35.1,32,1097.9143,1565.6,3959.09,55465.996,305.23769,11385,0,0,0,0,0,1,0,0,0,0,0,0,0,0,0,0,0,0,0,0,0,0,0,0,1,0,0,0,1
2,86,27.849,29.109,28.245,126,306.6,1746.6,27.8,29.1,28.2,1097.9143,1565.6,3959.09,55465.996,305.23769,11385,0,0,0,0,0,1,0,0,0,0,0,0,0,0,0,0,0,0,0,0,0,0,0,0,1,0,0,0,1
1,82,124.4,32.803,29.536,57.5,186.7,1626.7,124.4,32.8,29.5,1097.9143,1565.6,3959.09,55465.996,305.23769,11385,0,0,0,0,0,0,0,0,0,0,0,0,0,0,0,0,0,0,0,0,0,0,1,0,1,0,0,0,1
2,115,26.713,29.579,28.153,127.1,271.1,1711.1,26.7,29.6,28.2,1097.9143,1565.6,3959.09,55465.996,305.23769,11385,0,0,0,0,0,0,0,0,0,0,0,0,0,0,0,0,0,0,0,0,0,0,1,0,1,0,0,0,1
1,113,158.1,36.458,33.093,47.2,227.6,1667.6,158.1,36.5,33.1,1097.9143,1565.6,3959.09,55465.996,305.23769,11385,0,0,0,0,0,0,0,0,0,0,0,1,0,0,0,0,0,0,0,0,0,0,0,0,1,0,0,0,1
2,71,26.65,29.305,27.834,128.1,311.4,1751.4,26.6,29.3,27.8,1097.9143,1565.6,3959.09,55465.996,305.23769,11385,0,0,0,0,0,0,0,0,0,0,0,1,0,0,0,0,0,0,0,0,0,0,0,0,1,0,0,0,1
1,72,139.7,37.276,31.792,51.4,208.7,1648.7,139.7,37.3,31.8,1097.9143,1565.6,3959.09,55465.996,305.23769,11385,0,0,0,0,0,0,0,0,0,0,0,0,0,0,0,1,0,0,0,0,0,0,0,0,1,0,0,0,1
2,87,27.263,29.409,28.168,126.5,293.6,1733.6,27.3,29.4,28.2,1097.9143,1565.6,3959.09,55465.996,305.23769,11385,0,0,0,0,0,0,0,0,0,0,0,0,0,0,0,1,0,0,0,0,0,0,0,0,1,0,0,0,1
1,126,144.8,37.47,34.954,49.4,217.2,1657.2,144.8,37.5,35,1097.9143,1565.6,3959.09,55465.996,305.23769,11385,0,0,0,0,0,0,0,0,0,0,0,0,0,0,0,0,0,0,0,0,0,0,0,1,1,0,0,0,1
2,73,26.65,29.073,27.86,128.4,300.8,1740.8,26.6,29.1,27.9,1097.9143,1565.6,3959.09,55465.996,305.23769,11385,0,0,0,0,0,0,0,0,0,0,0,0,0,0,0,0,0,0,0,0,0,0,0,1,1,0,0,0,1
1,79,162.4,33.433,34.373,46.6,230.2,1190.2,162.4,33.4,34.4,1128.6822,1451,4205.35,57072.362,269.27793,10300,0,0,0,0,0,0,0,0,0,0,0,0,0,0,1,0,0,0,0,0,0,0,0,0,1,0,0,1,0
2,100,26.373,28.782,27.897,129.3,313.3,1273.3,26.4,28.8,27.9,1128.6822,1451,4205.35,57072.362,269.27793,10300,0,0,0,0,0,0,0,0,0,0,0,0,0,0,1,0,0,0,0,0,0,0,0,0,1,0,0,1,0
1,122,135.9,31.577,29.064,54.6,196.5,1156.5,135.9,31.6,29.1,1128.6822,1451,4205.35,57072.362,269.27793,10300,0,0,0,0,0,0,0,0,0,1,0,0,0,0,0,0,0,0,0,0,0,0,0,0,1,0,0,1,0
2,99,26.449,29.499,27.692,128.4,280.1,1240.1,26.4,29.5,27.7,1128.6822,1451,4205.35,57072.362,269.27793,10300,0,0,0,0,0,0,0,0,0,1,0,0,0,0,0,0,0,0,0,0,0,0,0,0,1,0,0,1,0
1,74,145.1,34.12,33.566,50.4,212.8,1172.8,145.1,34.1,33.6,1128.6822,1451,4205.35,57072.362,269.27793,10300,0,0,1,0,0,0,0,0,0,0,0,0,0,0,0,0,0,0,0,0,0,0,0,0,1,0,0,1,0
2,90,26.749,28.977,27.91,128.4,296.5,1256.5,26.7,29,27.9,1128.6822,1451,4205.35,57072.362,269.27793,10300,0,0,1,0,0,0,0,0,0,0,0,0,0,0,0,0,0,0,0,0,0,0,0,0,1,0,0,1,0
1,120,150.3,34.933,31.994,49.4,217.2,1177.2,150.3,34.9,32,1128.6822,1451,4205.35,57072.362,269.27793,10300,0,0,0,0,0,0,0,0,0,0,1,0,0,0,0,0,0,0,0,0,0,0,0,0,1,0,0,1,0
2,104,26.43,28.936,28.133,128.6,300.7,1260.7,26.4,28.9,28.1,1128.6822,1451,4205.35,57072.362,269.27793,10300,0,0,0,0,0,0,0,0,0,0,1,0,0,0,0,0,0,0,0,0,0,0,0,0,1,0,0,1,0
1,92,154.5,35.511,34.434,47.8,224.4,1184.4,154.5,35.5,34.4,1128.6822,1451,4205.35,57072.362,269.27793,10300,0,1,0,0,0,0,0,0,0,0,0,0,0,0,0,0,0,0,0,0,0,0,0,0,1,0,0,1,0
2,68,26.36,28.935,27.917,129,307.7,1267.7,26.4,28.9,27.9,1128.6822,1451,4205.35,57072.362,269.27793,10300,0,1,0,0,0,0,0,0,0,0,0,0,0,0,0,0,0,0,0,0,0,0,0,0,1,0,0,1,0
1,140,154.8,33.584,34.184,48.2,222.6,1182.6,154.8,33.6,34.2,1128.6822,1451,4205.35,57072.362,269.27793,10300,0,0,0,0,0,0,0,0,0,0,0,0,0,0,0,0,1,0,0,0,0,0,0,0,1,0,0,1,0
2,89,26.383,28.932,27.912,129,305.8,1265.8,26.4,28.9,27.9,1128.6822,1451,4205.35,57072.362,269.27793,10300,0,0,0,0,0,0,0,0,0,0,0,0,0,0,0,0,1,0,0,0,0,0,0,0,1,0,0,1,0
1,85,77.9,43.103,58.001,68,179,179,77.9,43.1,58,956.93524,1331.6,3530.67,49023.662,221.66721,10119,0,0,0,0,0,0,0,0,0,0,0,0,0,0,0,0,0,0,0,1,0,0,0,0,0,1,0,0,0
2,100,29.634,40.046,50.059,101.6,298.7,298.7,29.6,40,50.1,956.93524,1331.6,3530.67,49023.662,221.66721,10119,0,0,0,0,0,0,0,0,0,0,0,0,0,0,0,0,0,0,0,1,0,0,0,0,1,1,0,0,0
1,71,43.026,43.579,53.32,87,139.9,139.9,43,43.6,53.3,956.93524,1331.6,3530.67,49023.662,221.66721,10119,0,0,0,0,0,0,0,0,0,0,0,0,1,0,0,0,0,0,0,0,0,0,0,0,1,1,0,0,0
2,88,30.42,39.949,50.86,100.4,261.2,261.2,30.4,39.9,50.9,956.93524,1331.6,3530.67,49023.662,221.66721,10119,0,0,0,0,0,0,0,0,0,0,0,0,1,0,0,0,0,0,0,0,0,0,0,0,0,1,0,0,0
1,77,85.2,42.83,60.3,64.6,188.4,188.4,85.2,42.8,60.3,956.93524,1331.6,3530.67,49023.662,221.66721,10119,0,0,0,0,0,0,0,0,1,0,0,0,0,0,0,0,0,0,0,0,0,0,0,0,0,1,0,0,0
2,84,30.133,39.93,50.065,101.3,308.5,308.5,30.1,39.9,50.1,956.93524,1331.6,3530.67,49023.662,221.66721,10119,0,0,0,0,0,0,0,0,1,0,0,0,0,0,0,0,0,0,0,0,0,0,0,0,1,1,0,0,0
1,115,36.782,56.928,71.6,73.6,165.3,165.3,36.8,56.9,71.6,956.93524,1331.6,3530.67,49023.662,221.66721,10119,0,0,0,0,0,0,1,0,0,0,0,0,0,0,0,0,0,0,0,0,0,0,0,0,1,1,0,0,0
2,69,31.379,41.502,51.983,97.5,290.1,290.1,31.4,41.5,52,956.93524,1331.6,3530.67,49023.662,221.66721,10119,0,0,0,0,0,0,1,0,0,0,0,0,0,0,0,0,0,0,0,0,0,0,0,0,0,1,0,0,0
1,112,76,44.403,52.902,70.2,173.3,173.3,76,44.4,52.9,956.93524,1331.6,3530.67,49023.662,221.66721,10119,0,0,0,0,0,0,0,0,0,0,0,0,0,0,0,0,0,0,1,0,0,0,0,0,1,1,0,0,0
2,101,30.288,40.14,51.633,99.7,295.4,295.4,30.3,40.1,51.6,956.93524,1331.6,3530.67,49023.662,221.66721,10119,0,0,0,0,0,0,0,0,0,0,0,0,0,0,0,0,0,0,1,0,0,0,0,0,1,1,0,0,0
1,161,82.9,43.956,57.375,66,184.2,184.2,82.9,44,57.4,956.93524,1331.6,3530.67,49023.662,221.66721,10119,0,0,0,0,0,0,0,0,0,0,0,0,0,0,0,0,0,1,0,0,0,0,0,0,1,1,0,0,0
2,83,29.785,38.924,53.329,99.7,306.3,306.3,29.8,38.9,53.3,956.93524,1331.6,3530.67,49023.662,221.66721,10119,0,0,0,0,0,0,0,0,0,0,0,0,0,0,0,0,0,1,0,0,0,0,0,0,1,1,0,0,0
1,85,37.875,41.975,53.389,91.3,133.2,613.2,37.9,42,53.4,1149.8582,1536,4029.88,55677.088,329.28831,10237,1,0,0,0,0,0,0,0,0,0,0,0,0,0,0,0,0,0,0,0,0,0,0,0,0,0,1,0,0
2,110,30.089,39.735,50.733,100.9,253.8,733.8,30.1,39.7,50.7,1149.8582,1536,4029.88,55677.088,329.28831,10237,1,0,0,0,0,0,0,0,0,0,0,0,0,0,0,0,0,0,0,0,0,0,0,0,0,0,1,0,0
1,84,115.5,41.66,52.389,58.1,209.5,689.5,115.5,41.7,52.4,1149.8582,1536,4029.88,55677.088,329.28831,10237,0,0,0,0,0,0,0,0,0,0,0,0,0,0,1,0,0,0,0,0,0,0,0,0,1,0,1,0,0
2,91,29.774,39.565,50.173,101.8,329,809,29.8,39.6,50.2,1149.8582,1536,4029.88,55677.088,329.28831,10237,0,0,0,0,0,0,0,0,0,0,0,0,0,0,1,0,0,0,0,0,0,0,0,0,1,0,1,0,0
1,93,116.6,41.285,54.322,57.3,212.2,692.2,116.6,41.3,54.3,1149.8582,1536,4029.88,55677.088,329.28831,10237,0,0,0,0,0,0,0,0,0,0,0,0,0,0,0,0,0,0,0,0,1,0,0,0,0,0,1,0,0
2,95,30.12,39.334,50.247,101.7,331.9,811.9,30.1,39.3,50.2,1149.8582,1536,4029.88,55677.088,329.28831,10237,0,0,0,0,0,0,0,0,0,0,0,0,0,0,0,0,0,0,0,0,1,0,0,0,1,0,1,0,0
1,87,99.8,43.542,54.691,61.5,198,678,99.8,43.5,54.7,1149.8582,1536,4029.88,55677.088,329.28831,10237,0,0,0,0,1,0,0,0,0,0,0,0,0,0,0,0,0,0,0,0,0,0,0,0,1,0,1,0,0
2,102,29.929,39.538,50.03,101.8,317.5,797.5,29.9,39.5,50,1149.8582,1536,4029.88,55677.088,329.28831,10237,0,0,0,0,1,0,0,0,0,0,0,0,0,0,0,0,0,0,0,0,0,0,0,0,1,0,1,0,0
1,114,88.7,44.748,53.807,65,187.3,667.3,88.7,44.7,53.8,1149.8582,1536,4029.88,55677.088,329.28831,10237,0,0,0,0,0,0,0,0,0,0,0,0,0,0,0,0,0,0,0,0,0,0,1,0,1,0,1,0,0
1,0,77.7,43.398,51.801,70.4,172.9,652.9,77.7,43.4,51.8,1149.8582,1536,4029.88,55677.088,329.28831,10237,0,0,0,0,0,0,0,0,0,0,0,0,0,0,0,0,1,0,0,0,0,0,0,0,1,0,1,0,0
2,97,29.692,39.493,49.592,102.4,291.7,771.7,29.7,39.5,49.6,1149.8582,1536,4029.88,55677.088,329.28831,10237,0,0,0,0,0,0,0,0,0,0,0,0,0,0,0,0,1,0,0,0,0,0,0,0,1,0,1,0,0
1,71,95.1,40.902,50.954,65.1,187,1627,95.1,40.9,51,1097.9143,1565.6,3959.09,55465.996,305.23769,11385,0,0,0,0,0,0,0,0,0,1,0,0,0,0,0,0,0,0,0,0,0,0,0,0,1,0,0,0,1
2,97,29.497,38.879,49.898,102.9,305.3,1745.3,29.5,38.9,49.9,1097.9143,1565.6,3959.09,55465.996,305.23769,11385,0,0,0,0,0,0,0,0,0,1,0,0,0,0,0,0,0,0,0,0,0,0,0,0,1,0,0,0,1
1,149,41.707,41.434,51.592,90.3,134.7,1574.7,41.7,41.4,51.6,1097.9143,1565.6,3959.09,55465.996,305.23769,11385,0,0,1,0,0,0,0,0,0,0,0,0,0,0,0,0,0,0,0,0,0,0,0,0,1,0,0,0,1
2,74,29.25,38.504,48.517,104.7,251,1691,29.3,38.5,48.5,1097.9143,1565.6,3959.09,55465.996,305.23769,11385,0,0,1,0,0,0,0,0,0,0,0,0,0,0,0,0,0,0,0,0,0,0,0,0,1,0,0,0,1
1,109,111.7,41.818,55.349,58.3,208.9,1648.9,111.7,41.8,55.3,1097.9143,1565.6,3959.09,55465.996,305.23769,11385,0,0,0,0,0,0,0,0,0,0,1,0,0,0,0,0,0,0,0,0,0,0,0,0,1,0,0,0,1
2,111,28.999,38.285,49.576,104.1,325.7,1765.7,29,38.3,49.6,1097.9143,1565.6,3959.09,55465.996,305.23769,11385,0,0,0,0,0,0,0,0,0,0,1,0,0,0,0,0,0,0,0,0,0,0,0,0,0,0,0,0,1
1,91,97.6,43.728,53,62.6,194.3,1634.3,97.6,43.7,53,1097.9143,1565.6,3959.09,55465.996,305.23769,11385,0,0,0,0,0,0,0,0,0,0,0,1,0,0,0,0,0,0,0,0,0,0,0,0,0,0,0,0,1
2,107,29.369,37.854,48.783,104.9,310.3,1750.3,29.4,37.9,48.8,1097.9143,1565.6,3959.09,55465.996,305.23769,11385,0,0,0,0,0,0,0,0,0,0,0,1,0,0,0,0,0,0,0,0,0,0,0,0,0,0,0,0,1
1,98,102.7,44.037,54.082,60.6,200.8,1640.8,102.7,44,54.1,1097.9143,1565.6,3959.09,55465.996,305.23769,11385,0,0,0,0,0,0,0,0,0,0,0,0,0,0,0,0,0,0,0,0,0,0,0,1,0,0,0,0,1
2,112,30.146,40.388,49.671,101.2,321,1761,30.1,40.4,49.7,1097.9143,1565.6,3959.09,55465.996,305.23769,11385,0,0,0,0,0,0,0,0,0,0,0,0,0,0,0,0,0,0,0,0,0,0,0,1,0,0,0,0,1
1,98,87.8,48.57,60.8,61.7,197.2,1157.2,87.8,48.6,60.8,1128.6822,1451,4205.35,57072.362,269.27793,10300,0,0,0,0,0,0,0,1,0,0,0,0,0,0,0,0,0,0,0,0,0,0,0,0,0,0,0,1,0
2,73,30.192,39.836,50.122,101.3,317.3,1277.3,30.2,39.8,50.1,1128.6822,1451,4205.35,57072.362,269.27793,10300,0,0,0,0,0,0,0,1,0,0,0,0,0,0,0,0,0,0,0,0,0,0,0,0,0,0,0,1,0
1,70,123.7,43.027,57.364,54.3,224.1,1184.1,123.7,43,57.4,1128.6822,1451,4205.35,57072.362,269.27793,10300,0,0,0,1,0,0,0,0,0,0,0,0,0,0,0,0,0,0,0,0,0,0,0,0,0,0,0,1,0
2,93,30.012,38.319,50.169,102.7,342.6,1302.6,30,38.3,50.2,1128.6822,1451,4205.35,57072.362,269.27793,10300,0,0,0,1,0,0,0,0,0,0,0,0,0,0,0,0,0,0,0,0,0,0,0,0,0,0,0,1,0
1,75,93.9,42.88,53.173,64.1,190,1150,93.9,42.9,53.2,1128.6822,1451,4205.35,57072.362,269.27793,10300,0,0,0,0,0,0,0,0,0,0,0,0,0,0,0,0,0,0,0,0,0,1,0,0,0,0,0,1,0
2,87,29.251,40.012,49.842,102.2,309.1,1269.1,29.3,40,49.8,1128.6822,1451,4205.35,57072.362,269.27793,10300,0,0,0,0,0,0,0,0,0,0,0,0,0,0,0,0,0,0,0,0,0,1,0,0,1,0,0,1,0
1,102,120.3,44.287,52.427,56.1,217,1177,120.3,44.3,52.4,1128.6822,1451,4205.35,57072.362,269.27793,10300,0,0,0,0,0,0,0,0,0,0,0,0,0,1,0,0,0,0,0,0,0,0,0,0,1,0,0,1,0
2,93,30.016,39.42,50.194,101.7,336.6,1296.6,30,39.4,50.2,1128.6822,1451,4205.35,57072.362,269.27793,10300,0,0,0,0,0,0,0,0,0,0,0,0,0,1,0,0,0,0,0,0,0,0,0,0,1,0,0,1,0
1,70,106.6,44.87,54.113,59.2,205.5,1165.5,106.6,44.9,54.1,1128.6822,1451,4205.35,57072.362,269.27793,10300,0,0,0,0,0,0,0,0,0,0,0,0,0,0,0,1,0,0,0,0,0,0,0,0,1,0,0,1,0
2,166,30.932,40.153,50.112,100.4,326.7,1286.7,30.9,40.2,50.1,1128.6822,1451,4205.35,57072.362,269.27793,10300,0,0,0,0,0,0,0,0,0,0,0,0,0,0,0,1,0,0,0,0,0,0,0,0,1,0,0,1,0
1,164,132.5,42.744,53.483,53.2,228.7,1188.7,132.5,42.7,53.5,1128.6822,1451,4205.35,57072.362,269.27793,10300,0,1,0,0,0,0,0,0,0,0,0,0,0,0,0,0,0,0,0,0,0,0,0,0,1,0,0,1,0
2,123,30.364,39.824,50.755,100.6,349.7,1309.7,30.4,39.8,50.8,1128.6822,1451,4205.35,57072.362,269.27793,10300,0,1,0,0,0,0,0,0,0,0,0,0,0,0,0,0,0,0,0,0,0,0,0,0,1,0,0,1,0
1,102,148.2,49.414,33.495,51.7,231.1,231.1,148.2,49.4,33.5,956.93524,1331.6,3530.67,49023.662,221.66721,10119,0,0,0,0,0,0,0,0,0,0,0,0,0,0,0,0,0,0,0,1,0,0,0,0,0,1,0,0,0
2,185,26.986,39.094,26.201,129.4,323.4,323.4,27,39.1,26.2,956.93524,1331.6,3530.67,49023.662,221.66721,10119,0,0,0,0,0,0,0,0,0,0,0,0,0,0,0,0,0,0,0,1,0,0,0,0,0,1,0,0,0
1,115,147.9,49.295,32.576,52,229.8,229.8,147.9,49.3,32.6,956.93524,1331.6,3530.67,49023.662,221.66721,10119,0,0,0,0,0,0,0,0,0,0,0,0,1,0,0,0,0,0,0,0,0,0,0,0,0,1,0,0,0
2,99,26.779,39.71,26.581,128.3,322.8,322.8,26.8,39.7,26.6,956.93524,1331.6,3530.67,49023.662,221.66721,10119,0,0,0,0,0,0,0,0,0,0,0,0,1,0,0,0,0,0,0,0,0,0,0,0,1,1,0,0,0
1,97,150.1,48.17,34.776,51.3,233,233,150.1,48.2,34.8,956.93524,1331.6,3530.67,49023.662,221.66721,10119,0,0,0,0,0,0,0,0,1,0,0,0,0,0,0,0,0,0,0,0,0,0,0,0,1,1,0,0,0
2,142,26.922,39.106,25.744,130.2,324.8,324.8,26.9,39.1,25.7,956.93524,1331.6,3530.67,49023.662,221.66721,10119,0,0,0,0,0,0,0,0,1,0,0,0,0,0,0,0,0,0,0,0,0,0,0,0,1,1,0,0,0
1,72,153.1,46.083,36.915,50.6,236.1,236.1,153.1,46.1,36.9,956.93524,1331.6,3530.67,49023.662,221.66721,10119,0,0,0,0,0,0,0,0,0,0,0,0,0,0,0,0,0,0,1,0,0,0,0,0,1,1,0,0,0
2,117,26.875,39.237,26.013,129.7,328.2,328.2,26.9,39.2,26,956.93524,1331.6,3530.67,49023.662,221.66721,10119,0,0,0,0,0,0,0,0,0,0,0,0,0,0,0,0,0,0,1,0,0,0,0,0,1,1,0,0,0
1,110,152.4,46.421,35.909,50.9,234.7,234.7,152.4,46.4,35.9,956.93524,1331.6,3530.67,49023.662,221.66721,10119,0,0,0,0,0,0,0,0,0,0,0,0,0,0,0,0,0,1,0,0,0,0,0,0,1,1,0,0,0
2,104,26.744,39.084,25.81,130.3,326.3,326.3,26.7,39.1,25.8,956.93524,1331.6,3530.67,49023.662,221.66721,10119,0,0,0,0,0,0,0,0,0,0,0,0,0,0,0,0,0,1,0,0,0,0,0,0,1,1,0,0,0
1,96,146.7,48.822,31.41,52.6,226.9,226.9,146.7,48.8,31.4,956.93524,1331.6,3530.67,49023.662,221.66721,10119,0,0,0,0,0,0,0,0,0,0,0,0,0,0,0,0,0,0,0,0,0,1,0,0,1,1,0,0,0
2,92,26.958,39.3,26.019,129.4,319.2,319.2,27,39.3,26,956.93524,1331.6,3530.67,49023.662,221.66721,10119,0,0,0,0,0,0,0,0,0,0,0,0,0,0,0,0,0,0,0,0,0,1,0,0,1,1,0,0,0
1,121,53.351,46.146,30.279,92,129.8,609.8,53.4,46.1,30.3,1149.8582,1536,4029.88,55677.088,329.28831,10237,0,0,0,0,0,0,0,0,0,0,0,0,0,0,1,0,0,0,0,0,0,0,0,0,0,0,1,0,0
2,120,31.542,44.949,30.845,111.3,237.1,717.1,31.5,44.9,30.8,1149.8582,1536,4029.88,55677.088,329.28831,10237,0,0,0,0,0,0,0,0,0,0,0,0,0,0,1,0,0,0,0,0,0,0,0,0,0,0,1,0,0
3,103,26.797,39.277,25.776,130,329,809,26.8,39.3,25.8,1149.8582,1536,4029.88,55677.088,329.28831,10237,0,0,0,0,0,0,0,0,0,0,0,0,0,0,1,0,0,0,0,0,0,0,0,0,0,0,1,0,0
1,113,125.5,45.863,31.16,59,202.5,682.5,125.5,45.9,31.2,1149.8582,1536,4029.88,55677.088,329.28831,10237,0,0,0,0,0,0,1,0,0,0,0,0,0,0,0,0,0,0,0,0,0,0,0,0,1,0,1,0,0
2,144,26.925,39.111,25.803,130.1,294.3,774.3,26.9,39.1,25.8,1149.8582,1536,4029.88,55677.088,329.28831,10237,0,0,0,0,0,0,1,0,0,0,0,0,0,0,0,0,0,0,0,0,0,0,0,0,1,0,1,0,0
1,76,127.4,45.057,33.99,57.9,206.4,686.4,127.4,45.1,34,1149.8582,1536,4029.88,55677.088,329.28831,10237,0,0,0,0,0,1,0,0,0,0,0,0,0,0,0,0,0,0,0,0,0,0,0,0,0,0,1,0,0
2,75,27.029,39.204,26.014,129.5,298.7,778.7,27,39.2,26,1149.8582,1536,4029.88,55677.088,329.28831,10237,0,0,0,0,0,1,0,0,0,0,0,0,0,0,0,0,0,0,0,0,0,0,0,0,1,0,1,0,0
1,83,111.2,45.941,30.367,63.7,187.5,667.5,111.2,45.9,30.4,1149.8582,1536,4029.88,55677.088,329.28831,10237,0,0,0,0,1,0,0,0,0,0,0,0,0,0,0,0,0,0,0,0,0,0,0,0,1,0,1,0,0
2,87,27.051,39.423,25.855,129.4,279.8,759.8,27.1,39.4,25.9,1149.8582,1536,4029.88,55677.088,329.28831,10237,0,0,0,0,1,0,0,0,0,0,0,0,0,0,0,0,0,0,0,0,0,0,0,0,1,0,1,0,0
1,75,141.3,42.982,28.058,56.2,212.4,692.4,141.3,43,28.1,1149.8582,1536,4029.88,55677.088,329.28831,10237,0,0,0,0,0,0,0,0,0,0,0,0,0,1,0,0,0,0,0,0,0,0,0,0,1,0,1,0,0
2,77,26.962,39.332,26.05,129.4,304.7,784.7,27,39.3,26.1,1149.8582,1536,4029.88,55677.088,329.28831,10237,0,0,0,0,0,0,0,0,0,0,0,0,0,1,0,0,0,0,0,0,0,0,0,0,1,0,1,0,0
1,111,146.2,41.969,28.378,55.2,216.5,696.5,146.2,42,28.4,1149.8582,1536,4029.88,55677.088,329.28831,10237,0,0,0,0,0,0,0,0,0,0,0,0,0,0,0,0,1,0,0,0,0,0,0,0,1,0,1,0,0
2,97,26.81,39.283,25.807,130,308.4,788.4,26.8,39.3,25.8,1149.8582,1536,4029.88,55677.088,329.28831,10237,0,0,0,0,0,0,0,0,0,0,0,0,0,0,0,0,1,0,0,0,0,0,0,0,1,0,1,0,0
1,91,97.3,49.733,31.64,66.8,178.7,1618.7,97.3,49.7,31.6,1097.9143,1565.6,3959.09,55465.996,305.23769,11385,0,0,0,0,0,0,0,1,0,0,0,0,0,0,0,0,0,0,0,0,0,0,0,0,1,0,0,0,1
2,106,27.068,39.218,26.017,129.4,271,1711,27.1,39.2,26,1097.9143,1565.6,3959.09,55465.996,305.23769,11385,0,0,0,0,0,0,0,1,0,0,0,0,0,0,0,0,0,0,0,0,0,0,0,0,1,0,0,0,1
1,69,51.079,46.76,31.483,92.4,129.3,1569.3,51.1,46.8,31.5,1097.9143,1565.6,3959.09,55465.996,305.23769,11385,0,0,0,0,0,0,0,0,0,0,0,0,0,0,0,0,0,0,0,0,1,0,0,0,1,0,0,0,1
2,161,31.846,46.965,28.52,111.3,236.7,1676.7,31.8,47,28.5,1097.9143,1565.6,3959.09,55465.996,305.23769,11385,0,0,0,0,0,0,0,0,0,0,0,0,0,0,0,0,0,0,0,0,1,0,0,0,1,0,0,0,1
3,99,26.782,52.116,246.7,36.7,562.2,2002.2,26.8,52.1,246.7,1097.9143,1565.6,3959.09,55465.996,305.23769,11385,0,0,0,0,0,0,0,0,0,0,0,0,0,0,0,0,0,0,0,0,1,0,0,0,1,0,0,0,1
4,73,40.364,47.438,30.403,101.1,680.4,2120.4,40.4,47.4,30.4,1097.9143,1565.6,3959.09,55465.996,305.23769,11385,0,0,0,0,0,0,0,0,0,0,0,0,0,0,0,0,0,0,0,0,1,0,0,0,1,0,0,0,1
5,116,27.003,39.148,26.058,129.5,772.6,2212.6,27,39.1,26.1,1097.9143,1565.6,3959.09,55465.996,305.23769,11385,0,0,0,0,0,0,0,0,0,0,0,0,0,0,0,0,0,0,0,0,1,0,0,0,1,0,0,0,1
1,82,69.4,43.453,27.858,84.9,140.7,1580.7,69.4,43.5,27.9,1097.9143,1565.6,3959.09,55465.996,305.23769,11385,0,0,0,0,0,0,0,0,0,1,0,0,0,0,0,0,0,0,0,0,0,0,0,0,0,0,0,0,1
2,98,26.784,39.128,25.905,130.1,232.5,1672.5,26.8,39.1,25.9,1097.9143,1565.6,3959.09,55465.996,305.23769,11385,0,0,0,0,0,0,0,0,0,1,0,0,0,0,0,0,0,0,0,0,0,0,0,0,1,0,0,0,1
1,98,116.8,48.077,32.419,60.5,197.3,1637.3,116.8,48.1,32.4,1097.9143,1565.6,3959.09,55465.996,305.23769,11385,0,0,0,0,0,0,0,0,0,0,0,0,0,0,0,0,0,0,0,0,0,0,1,0,1,0,0,0,1
2,89,27.033,39.367,131.2,60.5,394.8,1834.8,27,39.4,131.2,1097.9143,1565.6,3959.09,55465.996,305.23769,11385,0,0,0,0,0,0,0,0,0,0,0,0,0,0,0,0,0,0,0,0,0,0,1,0,1,0,0,0,1
1,119,81.7,43.919,29.041,77.2,154.6,1594.6,81.7,43.9,29,1097.9143,1565.6,3959.09,55465.996,305.23769,11385,0,0,0,0,0,0,0,0,0,0,0,1,0,0,0,0,0,0,0,0,0,0,0,0,1,0,0,0,1
2,113,26.931,39.144,25.889,129.9,246.6,1686.6,26.9,39.1,25.9,1097.9143,1565.6,3959.09,55465.996,305.23769,11385,0,0,0,0,0,0,0,0,0,0,0,1,0,0,0,0,0,0,0,0,0,0,0,0,1,0,0,0,1
1,143,127,44.496,30.817,59,202.3,1642.3,127,44.5,30.8,1097.9143,1565.6,3959.09,55465.996,305.23769,11385,0,0,0,0,0,0,0,0,0,0,0,0,0,0,0,0,0,0,0,0,0,0,0,1,1,0,0,0,1
2,88,27.263,39.6,26.778,127.6,296,1736,27.3,39.6,26.8,1097.9143,1565.6,3959.09,55465.996,305.23769,11385,0,0,0,0,0,0,0,0,0,0,0,0,0,0,0,0,0,0,0,0,0,0,0,1,1,0,0,0,1
4,96,37.003,45.796,28.686,107.1,695.2,2135.2,37,45.8,28.7,1097.9143,1565.6,3959.09,55465.996,305.23769,11385,0,0,0,0,0,0,0,0,0,0,0,0,0,0,0,0,0,0,0,0,0,0,0,1,1,0,0,0,1
5,93,27.29,39.302,26.038,129,787.8,2227.8,27.3,39.3,26,1097.9143,1565.6,3959.09,55465.996,305.23769,11385,0,0,0,0,0,0,0,0,0,0,0,0,0,0,0,0,0,0,0,0,0,0,0,1,1,0,0,0,1
1,70,96.8,49.617,30.244,67.6,176.6,1136.6,96.8,49.6,30.2,1128.6822,1451,4205.35,57072.362,269.27793,10300,1,0,0,0,0,0,0,0,0,0,0,0,0,0,0,0,0,0,0,0,0,0,0,0,1,0,0,1,0
2,76,26.663,39.174,25.995,130.1,268.5,1228.5,26.7,39.2,26,1128.6822,1451,4205.35,57072.362,269.27793,10300,1,0,0,0,0,0,0,0,0,0,0,0,0,0,0,0,0,0,0,0,0,0,0,0,1,0,0,1,0
1,76,111.1,44.237,29.589,64.6,185,1145,111.1,44.2,29.6,1128.6822,1451,4205.35,57072.362,269.27793,10300,0,0,0,1,0,0,0,0,0,0,0,0,0,0,0,0,0,0,0,0,0,0,0,0,1,0,0,1,0
2,79,26.916,39.392,25.838,129.6,277.1,1237.1,26.9,39.4,25.8,1128.6822,1451,4205.35,57072.362,269.27793,10300,0,0,0,1,0,0,0,0,0,0,0,0,0,0,0,0,0,0,0,0,0,0,0,0,0,0,0,1,0
1,72,130.6,46.525,33.196,56.8,210.3,1170.3,130.6,46.5,33.2,1128.6822,1451,4205.35,57072.362,269.27793,10300,0,0,1,0,0,0,0,0,0,0,0,0,0,0,0,0,0,0,0,0,0,0,0,0,1,0,0,1,0
2,93,27.07,39.21,26.059,129.4,302.6,1262.6,27.1,39.2,26.1,1128.6822,1451,4205.35,57072.362,269.27793,10300,0,0,1,0,0,0,0,0,0,0,0,0,0,0,0,0,0,0,0,0,0,0,0,0,1,0,0,1,0
1,162,128.7,46.782,29.012,58.4,204.5,1164.5,128.7,46.8,29,1128.6822,1451,4205.35,57072.362,269.27793,10300,0,0,0,0,0,0,0,0,0,0,1,0,0,0,0,0,0,0,0,0,0,0,0,0,1,0,0,1,0
2,72,26.729,39.274,25.85,130,296.3,1256.3,26.7,39.3,25.8,1128.6822,1451,4205.35,57072.362,269.27793,10300,0,0,0,0,0,0,0,0,0,0,1,0,0,0,0,0,0,0,0,0,0,0,0,0,1,0,0,1,0
1,116,134,45.913,34.858,55.6,214.8,1174.8,134,45.9,34.9,1128.6822,1451,4205.35,57072.362,269.27793,10300,0,0,0,0,0,0,0,0,0,0,0,0,0,0,0,1,0,0,0,0,0,0,0,0,1,0,0,1,0
2,133,27.105,39.446,26.082,128.9,307.4,1267.4,27.1,39.4,26.1,1128.6822,1451,4205.35,57072.362,269.27793,10300,0,0,0,0,0,0,0,0,0,0,0,0,0,0,0,1,0,0,0,0,0,0,0,0,1,0,0,1,0
1,115,127.4,45.291,28.063,59.5,200.7,1160.7,127.4,45.3,28.1,1128.6822,1451,4205.35,57072.362,269.27793,10300,0,1,0,0,0,0,0,0,0,0,0,0,0,0,0,0,0,0,0,0,0,0,0,0,1,0,0,1,0
2,105,26.879,39.161,25.912,129.9,292.7,1252.7,26.9,39.2,25.9,1128.6822,1451,4205.35,57072.362,269.27793,10300,0,1,0,0,0,0,0,0,0,0,0,0,0,0,0,0,0,0,0,0,0,0,0,0,1,0,0,1,0
1,82,167.4,38.427,32.168,45.1,238,238,167.4,38.4,32.2,956.93524,1331.6,3530.67,49023.662,221.66721,10119,0,0,0,0,0,0,0,0,0,0,0,0,0,0,0,0,0,0,0,1,0,0,0,0,0,1,0,0,0
2,73,27.983,29.273,28.532,125.1,323.8,323.8,28,29.3,28.5,956.93524,1331.6,3530.67,49023.662,221.66721,10119,0,0,0,0,0,0,0,0,0,0,0,0,0,0,0,0,0,0,0,1,0,0,0,0,0,1,0,0,0
1,99,166.8,38.591,31.874,45.2,237.3,237.3,166.8,38.6,31.9,956.93524,1331.6,3530.67,49023.662,221.66721,10119,1,0,0,0,0,0,0,0,0,0,0,0,0,0,0,0,0,0,0,0,0,0,0,0,0,1,0,0,0
2,104,26.963,29.14,28.778,126.5,322.2,322.2,27,29.1,28.8,956.93524,1331.6,3530.67,49023.662,221.66721,10119,1,0,0,0,0,0,0,0,0,0,0,0,0,0,0,0,0,0,0,0,0,0,0,0,1,1,0,0,0
1,87,167.4,38.443,33.28,44.9,239.1,239.1,167.4,38.4,33.3,956.93524,1331.6,3530.67,49023.662,221.66721,10119,0,0,0,0,0,0,0,0,0,0,0,0,1,0,0,0,0,0,0,0,0,0,0,0,1,1,0,0,0
2,86,27.589,29.418,28.38,125.7,324.5,324.5,27.6,29.4,28.4,956.93524,1331.6,3530.67,49023.662,221.66721,10119,0,0,0,0,0,0,0,0,0,0,0,0,1,0,0,0,0,0,0,0,0,0,0,0,0,1,0,0,0
1,85,166.1,38.779,31.683,45.4,236.6,236.6,166.1,38.8,31.7,956.93524,1331.6,3530.67,49023.662,221.66721,10119,0,0,0,0,0,0,0,0,1,0,0,0,0,0,0,0,0,0,0,0,0,0,0,0,1,1,0,0,0
2,104,27.075,29.254,28.605,126.4,321.5,321.5,27.1,29.3,28.6,956.93524,1331.6,3530.67,49023.662,221.66721,10119,0,0,0,0,0,0,0,0,1,0,0,0,0,0,0,0,0,0,0,0,0,0,0,0,1,1,0,0,0
1,74,167.8,37.343,31.912,45.3,237.1,237.1,167.8,37.3,31.9,956.93524,1331.6,3530.67,49023.662,221.66721,10119,0,0,0,0,0,0,0,0,0,0,0,0,0,0,0,0,0,1,0,0,0,0,0,0,1,1,0,0,0
2,131,28.506,29.145,28.495,124.6,323.2,323.2,28.5,29.1,28.5,956.93524,1331.6,3530.67,49023.662,221.66721,10119,0,0,0,0,0,0,0,0,0,0,0,0,0,0,0,0,0,1,0,0,0,0,0,0,1,1,0,0,0
1,76,168.2,37.642,32.025,45.1,237.8,237.8,168.2,37.6,32,956.93524,1331.6,3530.67,49023.662,221.66721,10119,0,0,0,0,0,0,0,0,0,0,0,0,0,0,0,0,0,0,0,0,0,1,0,0,1,1,0,0,0
2,111,28.425,29.478,28.51,124.2,324.3,324.3,28.4,29.5,28.5,956.93524,1331.6,3530.67,49023.662,221.66721,10119,0,0,0,0,0,0,0,0,0,0,0,0,0,0,0,0,0,0,0,0,0,1,0,0,1,1,0,0,0
1,110,162.5,35.066,35.971,46,233.6,713.6,162.5,35.1,36,1149.8582,1536,4029.88,55677.088,329.28831,10237,0,0,0,0,0,0,0,0,0,0,0,0,0,0,1,0,0,0,0,0,0,0,0,0,0,0,1,0,0
2,89,26.551,29.03,28.227,128.1,317.4,797.4,26.6,29,28.2,1149.8582,1536,4029.88,55677.088,329.28831,10237,0,0,0,0,0,0,0,0,0,0,0,0,0,0,1,0,0,0,0,0,0,0,0,0,0,0,1,0,0
1,102,155.3,33.131,34.036,48.3,222.4,702.4,155.3,33.1,34,1149.8582,1536,4029.88,55677.088,329.28831,10237,0,0,0,0,0,0,1,0,0,0,0,0,0,0,0,0,0,0,0,0,0,0,0,0,0,0,1,0,0
2,99,26.796,28.854,28.346,127.8,306.4,786.4,26.8,28.9,28.3,1149.8582,1536,4029.88,55677.088,329.28831,10237,0,0,0,0,0,0,1,0,0,0,0,0,0,0,0,0,0,0,0,0,0,0,0,0,0,0,1,0,0
1,72,149.7,34.874,33.054,49.3,217.6,697.6,149.7,34.9,33.1,1149.8582,1536,4029.88,55677.088,329.28831,10237,0,0,0,0,0,1,0,0,0,0,0,0,0,0,0,0,0,0,0,0,0,0,0,0,1,0,1,0,0
2,73,26.651,28.992,28.243,128,301.5,781.5,26.7,29,28.2,1149.8582,1536,4029.88,55677.088,329.28831,10237,0,0,0,0,0,1,0,0,0,0,0,0,0,0,0,0,0,0,0,0,0,0,0,0,1,0,1,0,0
1,93,156.9,33.981,38.015,46.9,228.9,708.9,156.9,34,38,1149.8582,1536,4029.88,55677.088,329.28831,10237,0,0,0,0,0,0,0,0,0,0,0,0,0,0,0,0,0,0,1,0,0,0,0,0,0,0,1,0,0
2,73,27.408,29.109,28.301,126.6,313.8,793.8,27.4,29.1,28.3,1149.8582,1536,4029.88,55677.088,329.28831,10237,0,0,0,0,0,0,0,0,0,0,0,0,0,0,0,0,0,0,1,0,0,0,0,0,1,0,1,0,0
1,83,145.7,35.465,32.204,50.3,213.4,693.4,145.7,35.5,32.2,1149.8582,1536,4029.88,55677.088,329.28831,10237,0,0,0,0,1,0,0,0,0,0,0,0,0,0,0,0,0,0,0,0,0,0,0,0,1,0,1,0,0
2,71,26.791,29.254,28.241,127.4,297.7,777.7,26.8,29.3,28.2,1149.8582,1536,4029.88,55677.088,329.28831,10237,0,0,0,0,1,0,0,0,0,0,0,0,0,0,0,0,0,0,0,0,0,0,0,0,1,0,1,0,0
1,122,155.9,33.402,37.45,47.3,226.7,706.7,155.9,33.4,37.5,1149.8582,1536,4029.88,55677.088,329.28831,10237,0,0,0,0,0,0,0,0,0,0,0,0,0,0,0,0,1,0,0,0,0,0,0,0,1,0,1,0,0
2,84,26.464,28.915,28.126,128.6,310.2,790.2,26.5,28.9,28.1,1149.8582,1536,4029.88,55677.088,329.28831,10237,0,0,0,0,0,0,0,0,0,0,0,0,0,0,0,0,1,0,0,0,0,0,0,0,1,0,1,0,0
1,88,162.5,31.218,30.848,47.8,224.6,1664.6,162.5,31.2,30.8,1097.9143,1565.6,3959.09,55465.996,305.23769,11385,0,0,0,0,0,0,0,0,0,0,0,0,0,0,0,0,0,0,0,0,1,0,0,0,1,0,0,0,1
2,83,26.721,30.261,28.827,125.1,310.4,1750.4,26.7,30.3,28.8,1097.9143,1565.6,3959.09,55465.996,305.23769,11385,0,0,0,0,0,0,0,0,0,0,0,0,0,0,0,0,0,0,0,0,1,0,0,0,1,0,0,0,1
1,70,122.6,36.962,31.879,56.1,191.5,1631.5,122.6,37,31.9,1097.9143,1565.6,3959.09,55465.996,305.23769,11385,0,0,0,0,0,1,0,0,0,0,0,0,0,0,0,0,0,0,0,0,0,0,0,0,1,0,0,0,1
2,83,27.089,29.314,28.589,126.3,276.5,1716.5,27.1,29.3,28.6,1097.9143,1565.6,3959.09,55465.996,305.23769,11385,0,0,0,0,0,1,0,0,0,0,0,0,0,0,0,0,0,0,0,0,0,0,0,0,1,0,0,0,1
1,94,143.5,32.568,30.408,52,206.4,1646.4,143.5,32.6,30.4,1097.9143,1565.6,3959.09,55465.996,305.23769,11385,0,0,0,0,0,0,0,0,0,0,0,0,0,0,0,0,0,0,0,0,0,0,1,0,1,0,0,0,1
2,23,26.757,29.199,28.75,126.7,291.1,1731.1,26.8,29.2,28.7,1097.9143,1565.6,3959.09,55465.996,305.23769,11385,0,0,0,0,0,0,0,0,0,0,0,0,0,0,0,0,0,0,0,0,0,0,1,0,1,0,0,0,1
1,72,60,34.998,30.405,85.6,125.4,1565.4,60,35,30.4,1097.9143,1565.6,3959.09,55465.996,305.23769,11385,0,0,0,0,0,0,0,0,0,0,0,1,0,0,0,0,0,0,0,0,0,0,0,0,1,0,0,0,1
2,72,26.834,29.298,29.598,125.2,211.2,1651.2,26.8,29.3,29.6,1097.9143,1565.6,3959.09,55465.996,305.23769,11385,0,0,0,0,0,0,0,0,0,0,0,1,0,0,0,0,0,0,0,0,0,0,0,0,1,0,0,0,1
1,74,131.9,35.172,32.125,53.9,199.2,1639.2,131.9,35.2,32.1,1097.9143,1565.6,3959.09,55465.996,305.23769,11385,0,0,0,0,0,0,0,0,0,0,0,0,0,0,0,1,0,0,0,0,0,0,0,0,1,0,0,0,1
2,103,27.095,29.631,28.678,125.7,284.6,1724.6,27.1,29.6,28.7,1097.9143,1565.6,3959.09,55465.996,305.23769,11385,0,0,0,0,0,0,0,0,0,0,0,0,0,0,0,1,0,0,0,0,0,0,0,0,1,0,0,0,1
1,93,148.7,38.224,31.71,49.1,218.6,1658.6,148.7,38.2,31.7,1097.9143,1565.6,3959.09,55465.996,305.23769,11385,0,0,0,0,0,0,0,0,0,0,0,0,0,0,0,0,0,0,0,0,0,0,0,1,1,0,0,0,1
2,117,26.712,34.597,29.259,118.5,309.2,1749.2,26.7,34.6,29.3,1097.9143,1565.6,3959.09,55465.996,305.23769,11385,0,0,0,0,0,0,0,0,0,0,0,0,0,0,0,0,0,0,0,0,0,0,0,1,1,0,0,0,1
1,94,148.4,33.324,31.653,50.3,213.4,1173.4,148.4,33.3,31.7,1128.6822,1451,4205.35,57072.362,269.27793,10300,0,0,0,0,0,0,0,1,0,0,0,0,0,0,0,0,0,0,0,0,0,0,0,0,1,0,0,1,0
2,112,26.864,29.213,28.412,127.1,297.9,1257.9,26.9,29.2,28.4,1128.6822,1451,4205.35,57072.362,269.27793,10300,0,0,0,0,0,0,0,1,0,0,0,0,0,0,0,0,0,0,0,0,0,0,0,0,1,0,0,1,0
1,95,134.6,31.253,30.335,54.7,196.2,1156.2,134.6,31.3,30.3,1128.6822,1451,4205.35,57072.362,269.27793,10300,0,0,0,0,0,0,0,0,0,1,0,0,0,0,0,0,0,0,0,0,0,0,0,0,1,0,0,1,0
2,102,26.649,29.26,28.163,127.7,280.3,1240.3,26.6,29.3,28.2,1128.6822,1451,4205.35,57072.362,269.27793,10300,0,0,0,0,0,0,0,0,0,1,0,0,0,0,0,0,0,0,0,0,0,0,0,0,1,0,0,1,0
1,110,149.6,33.834,33.17,49.6,216.6,1176.6,149.6,33.8,33.2,1128.6822,1451,4205.35,57072.362,269.27793,10300,0,0,0,1,0,0,0,0,0,0,0,0,0,0,0,0,0,0,0,0,0,0,0,0,1,0,0,1,0
2,99,26.892,29.081,28.452,127.2,301.1,1261.1,26.9,29.1,28.5,1128.6822,1451,4205.35,57072.362,269.27793,10300,0,0,0,1,0,0,0,0,0,0,0,0,0,0,0,0,0,0,0,0,0,0,0,0,1,0,0,1,0
1,69,150.9,34.737,35.423,48.6,221.1,1181.1,150.9,34.7,35.4,1128.6822,1451,4205.35,57072.362,269.27793,10300,0,0,1,0,0,0,0,0,0,0,0,0,0,0,0,0,0,0,0,0,0,0,0,0,1,0,0,1,0
2,105,26.703,29.804,28.325,126.5,305.9,1265.9,26.7,29.8,28.3,1128.6822,1451,4205.35,57072.362,269.27793,10300,0,0,1,0,0,0,0,0,0,0,0,0,0,0,0,0,0,0,0,0,0,0,0,0,1,0,0,1,0
1,105,152.7,35.919,34.177,48.2,222.8,1182.8,152.7,35.9,34.2,1128.6822,1451,4205.35,57072.362,269.27793,10300,0,0,0,0,0,0,0,0,0,0,1,0,0,0,0,0,0,0,0,0,0,0,0,0,1,0,0,1,0
2,85,27.111,28.891,29.35,125.8,308.2,1268.2,27.1,28.9,29.3,1128.6822,1451,4205.35,57072.362,269.27793,10300,0,0,0,0,0,0,0,0,0,0,1,0,0,0,0,0,0,0,0,0,0,0,0,0,1,0,0,1,0
1,85,145,34.445,30.374,51.2,209.8,1169.8,145,34.4,30.4,1128.6822,1451,4205.35,57072.362,269.27793,10300,0,1,0,0,0,0,0,0,0,0,0,0,0,0,0,0,0,0,0,0,0,0,0,0,1,0,0,1,0
2,89,27.2,29.656,28.737,125.4,295.4,1255.4,27.2,29.7,28.7,1128.6822,1451,4205.35,57072.362,269.27793,10300,0,1,0,0,0,0,0,0,0,0,0,0,0,0,0,0,0,0,0,0,0,0,0,0,1,0,0,1,0
1,96,161.2,34.619,32.996,53.1,228.8,228.8,161.2,34.6,33,956.93524,1331.6,3530.67,49023.662,221.66721,10119,0,0,0,0,0,0,0,0,0,0,0,0,0,0,0,0,0,0,0,1,0,0,0,0,0,1,0,0,0
2,90,29.61,31.426,26.583,138.7,316.4,316.4,29.6,31.4,26.6,956.93524,1331.6,3530.67,49023.662,221.66721,10119,0,0,0,0,0,0,0,0,0,0,0,0,0,0,0,0,0,0,0,1,0,0,0,0,0,1,0,0,0
1,76,45.388,35.792,32.819,106.6,114,114,45.4,35.8,32.8,956.93524,1331.6,3530.67,49023.662,221.66721,10119,0,0,0,0,0,0,0,0,0,0,0,0,1,0,0,0,0,0,0,0,0,0,0,0,0,1,0,0,0
2,89,35.266,36.705,30.399,118.7,216.4,216.4,35.3,36.7,30.4,956.93524,1331.6,3530.67,49023.662,221.66721,10119,0,0,0,0,0,0,0,0,0,0,0,0,1,0,0,0,0,0,0,0,0,0,0,0,0,1,0,0,0
3,123,29.333,31.203,26.378,139.8,303.3,303.3,29.3,31.2,26.4,956.93524,1331.6,3530.67,49023.662,221.66721,10119,0,0,0,0,0,0,0,0,0,0,0,0,1,0,0,0,0,0,0,0,0,0,0,0,0,1,0,0,0
1,153,163.1,34.312,34.059,52.5,231.5,231.5,163.1,34.3,34.1,956.93524,1331.6,3530.67,49023.662,221.66721,10119,0,0,0,0,0,0,0,0,1,0,0,0,0,0,0,0,0,0,0,0,0,0,0,0,1,1,0,0,0
2,89,29.626,31.125,26.691,139,318.9,318.9,29.6,31.1,26.7,956.93524,1331.6,3530.67,49023.662,221.66721,10119,0,0,0,0,0,0,0,0,1,0,0,0,0,0,0,0,0,0,0,0,0,0,0,0,1,1,0,0,0
1,87,62.5,33.868,29.921,96.3,126.3,126.3,62.5,33.9,29.9,956.93524,1331.6,3530.67,49023.662,221.66721,10119,0,0,0,0,0,0,0,0,0,0,0,0,0,0,0,0,0,1,0,0,0,0,0,0,0,1,0,0,0
2,85,34.042,36.625,33.82,116.3,230.8,230.8,34,36.6,33.8,956.93524,1331.6,3530.67,49023.662,221.66721,10119,0,0,0,0,0,0,0,0,0,0,0,0,0,0,0,0,0,1,0,0,0,0,0,0,1,1,0,0,0
3,105,29.531,31.081,26.705,139.2,318.1,318.1,29.5,31.1,26.7,956.93524,1331.6,3530.67,49023.662,221.66721,10119,0,0,0,0,0,0,0,0,0,0,0,0,0,0,0,0,0,1,0,0,0,0,0,0,1,1,0,0,0
1,94,54.275,37.937,30.587,99,122.8,122.8,54.3,37.9,30.6,956.93524,1331.6,3530.67,49023.662,221.66721,10119,0,0,0,0,0,0,0,0,0,0,0,0,0,0,0,0,0,0,0,0,0,1,0,0,0,1,0,0,0
2,86,36.263,35.504,30.35,119,224.9,224.9,36.3,35.5,30.3,956.93524,1331.6,3530.67,49023.662,221.66721,10119,0,0,0,0,0,0,0,0,0,0,0,0,0,0,0,0,0,0,0,0,0,1,0,0,1,1,0,0,0
3,88,29.363,31.118,26.358,140,311.8,311.8,29.4,31.1,26.4,956.93524,1331.6,3530.67,49023.662,221.66721,10119,0,0,0,0,0,0,0,0,0,0,0,0,0,0,0,0,0,0,0,0,0,1,0,0,1,1,0,0,0
1,135,160.8,34.374,32.791,53.3,227.9,227.9,160.8,34.4,32.8,956.93524,1331.6,3530.67,49023.662,221.66721,10119,0,0,0,0,0,0,0,0,0,0,0,0,0,0,0,0,1,0,0,0,0,0,0,0,1,1,0,0,0
2,84,29.555,31.041,26.412,139.7,314.9,314.9,29.6,31,26.4,956.93524,1331.6,3530.67,49023.662,221.66721,10119,0,0,0,0,0,0,0,0,0,0,0,0,0,0,0,0,1,0,0,0,0,0,0,0,1,1,0,0,0
1,167,147.2,35.984,30.699,56.8,213.9,693.9,147.2,36,30.7,1149.8582,1536,4029.88,55677.088,329.28831,10237,1,0,0,0,0,0,0,0,0,0,0,0,0,0,0,0,0,0,0,0,0,0,0,0,0,0,1,0,0
2,89,29.576,31.01,26.284,139.9,300.8,780.8,29.6,31,26.3,1149.8582,1536,4029.88,55677.088,329.28831,10237,1,0,0,0,0,0,0,0,0,0,0,0,0,0,0,0,0,0,0,0,0,0,0,0,0,0,1,0,0
1,92,67.2,34.904,30.3,91.8,132.4,612.4,67.2,34.9,30.3,1149.8582,1536,4029.88,55677.088,329.28831,10237,0,0,0,0,0,0,0,0,0,0,0,0,0,0,1,0,0,0,0,0,0,0,0,0,0,0,1,0,0
2,125,34.442,35.457,30.551,121,232.9,712.9,34.4,35.5,30.6,1149.8582,1536,4029.88,55677.088,329.28831,10237,0,0,0,0,0,0,0,0,0,0,0,0,0,0,1,0,0,0,0,0,0,0,0,0,0,0,1,0,0
3,100,29.481,31.057,26.464,139.7,319.9,799.9,29.5,31.1,26.5,1149.8582,1536,4029.88,55677.088,329.28831,10237,0,0,0,0,0,0,0,0,0,0,0,0,0,0,1,0,0,0,0,0,0,0,0,0,1,0,1,0,0
1,70,148.3,36.264,32.88,55.9,217.4,697.4,148.3,36.3,32.9,1149.8582,1536,4029.88,55677.088,329.28831,10237,0,0,0,0,0,0,1,0,0,0,0,0,0,0,0,0,0,0,0,0,0,0,0,0,0,0,1,0,0
2,109,29.524,31.264,26.369,139.4,304.6,784.6,29.5,31.3,26.4,1149.8582,1536,4029.88,55677.088,329.28831,10237,0,0,0,0,0,0,1,0,0,0,0,0,0,0,0,0,0,0,0,0,0,0,0,0,0,0,1,0,0
1,171,145.4,34.875,30.389,57.7,210.7,690.7,145.4,34.9,30.4,1149.8582,1536,4029.88,55677.088,329.28831,10237,0,0,0,1,0,0,0,0,0,0,0,0,0,0,0,0,0,0,0,0,0,0,0,0,0,0,1,0,0
2,70,29.599,31.2,26.31,139.5,297.8,777.8,29.6,31.2,26.3,1149.8582,1536,4029.88,55677.088,329.28831,10237,0,0,0,1,0,0,0,0,0,0,0,0,0,0,0,0,0,0,0,0,0,0,0,0,1,0,1,0,0
1,83,150.7,35.194,33.074,55.5,219,699,150.7,35.2,33.1,1149.8582,1536,4029.88,55677.088,329.28831,10237,0,0,0,0,0,0,0,0,0,0,0,0,0,0,0,0,0,0,1,0,0,0,0,0,1,0,1,0,0
2,89,29.354,31.577,26.359,139.2,306.2,786.2,29.4,31.6,26.4,1149.8582,1536,4029.88,55677.088,329.28831,10237,0,0,0,0,0,0,0,0,0,0,0,0,0,0,0,0,0,0,1,0,0,0,0,0,0,0,1,0,0
1,106,142.7,35.151,29.638,58.6,207.5,687.5,142.7,35.2,29.6,1149.8582,1536,4029.88,55677.088,329.28831,10237,0,0,0,0,1,0,0,0,0,0,0,0,0,0,0,0,0,0,0,0,0,0,0,0,1,0,1,0,0
2,100,29.61,31.301,26.427,139.2,294.9,774.9,29.6,31.3,26.4,1149.8582,1536,4029.88,55677.088,329.28831,10237,0,0,0,0,1,0,0,0,0,0,0,0,0,0,0,0,0,0,0,0,0,0,0,0,1,0,1,0,0
1,137,49.791,36.667,29.855,104.5,116.3,1556.3,49.8,36.7,29.9,1097.9143,1565.6,3959.09,55465.996,305.23769,11385,0,0,0,0,0,1,0,0,0,0,0,0,0,0,0,0,0,0,0,0,0,0,0,0,0,0,0,0,1
2,53,32.844,33.784,29.496,126.4,212.4,1652.4,32.8,33.8,29.5,1097.9143,1565.6,3959.09,55465.996,305.23769,11385,0,0,0,0,0,1,0,0,0,0,0,0,0,0,0,0,0,0,0,0,0,0,0,0,1,0,0,0,1
3,69,29.578,31.235,26.364,139.4,299.6,1739.6,29.6,31.2,26.4,1097.9143,1565.6,3959.09,55465.996,305.23769,11385,0,0,0,0,0,1,0,0,0,0,0,0,0,0,0,0,0,0,0,0,0,0,0,0,1,0,0,0,1
1,84,53.352,36.275,32.009,99.9,121.6,1561.6,53.4,36.3,32,1097.9143,1565.6,3959.09,55465.996,305.23769,11385,0,0,1,0,0,0,0,0,0,0,0,0,0,0,0,0,0,0,0,0,0,0,0,0,1,0,0,0,1
2,171,33.291,34.145,32.179,122,221.3,1661.3,33.3,34.1,32.2,1097.9143,1565.6,3959.09,55465.996,305.23769,11385,0,0,1,0,0,0,0,0,0,0,0,0,0,0,0,0,0,0,0,0,0,0,0,0,1,0,0,0,1
3,102,29.36,31.253,26.32,139.8,308.2,1748.2,29.4,31.3,26.3,1097.9143,1565.6,3959.09,55465.996,305.23769,11385,0,0,1,0,0,0,0,0,0,0,0,0,0,0,0,0,0,0,0,0,0,0,0,0,1,0,0,0,1
1,98,48.323,38.652,29.83,104.1,116.8,1556.8,48.3,38.7,29.8,1097.9143,1565.6,3959.09,55465.996,305.23769,11385,0,0,0,0,0,0,0,0,0,0,1,0,0,0,0,0,0,0,0,0,0,0,0,0,1,0,0,0,1
2,102,33.43,34.633,30.02,123.9,214.9,1654.9,33.4,34.6,30,1097.9143,1565.6,3959.09,55465.996,305.23769,11385,0,0,0,0,0,0,0,0,0,0,1,0,0,0,0,0,0,0,0,0,0,0,0,0,1,0,0,0,1
3,88,29.258,31.226,26.588,139.6,302,1742,29.3,31.2,26.6,1097.9143,1565.6,3959.09,55465.996,305.23769,11385,0,0,0,0,0,0,0,0,0,0,1,0,0,0,0,0,0,0,0,0,0,0,0,0,1,0,0,0,1
1,125,111.9,35.061,30.02,68.7,177,1617,111.9,35.1,30,1097.9143,1565.6,3959.09,55465.996,305.23769,11385,0,0,0,0,0,0,0,0,0,0,0,1,0,0,0,0,0,0,0,0,0,0,0,0,1,0,0,0,1
2,96,29.448,31.184,26.347,139.7,264,1704,29.4,31.2,26.3,1097.9143,1565.6,3959.09,55465.996,305.23769,11385,0,0,0,0,0,0,0,0,0,0,0,1,0,0,0,0,0,0,0,0,0,0,0,0,1,0,0,0,1
1,110,60.8,36.092,29.997,95.8,126.9,1566.9,60.8,36.1,30,1097.9143,1565.6,3959.09,55465.996,305.23769,11385,0,0,0,0,0,0,0,0,0,0,0,0,0,0,0,0,0,0,0,0,0,0,0,1,0,0,0,0,1
2,107,33.431,35.016,30.505,122.8,225.8,1665.8,33.4,35,30.5,1097.9143,1565.6,3959.09,55465.996,305.23769,11385,0,0,0,0,0,0,0,0,0,0,0,0,0,0,0,0,0,0,0,0,0,0,0,1,1,0,0,0,1
3,98,29.692,31.307,26.482,138.9,313.3,1753.3,29.7,31.3,26.5,1097.9143,1565.6,3959.09,55465.996,305.23769,11385,0,0,0,0,0,0,0,0,0,0,0,0,0,0,0,0,0,0,0,0,0,0,0,1,1,0,0,0,1
1,90,132.7,36.098,29.705,61.2,198.5,1638.5,132.7,36.1,29.7,1097.9143,1565.6,3959.09,55465.996,305.23769,11385,0,1,0,0,0,0,0,0,0,0,0,0,0,0,0,0,0,0,0,0,0,0,0,0,0,0,0,0,1
2,86,29.43,31.014,26.355,140,285.3,1725.3,29.4,31,26.4,1097.9143,1565.6,3959.09,55465.996,305.23769,11385,0,1,0,0,0,0,0,0,0,0,0,0,0,0,0,0,0,0,0,0,0,0,0,0,1,0,0,0,1
1,91,61,36.426,30.163,95.2,127.6,1087.6,61,36.4,30.2,1128.6822,1451,4205.35,57072.362,269.27793,10300,0,0,0,0,0,0,0,1,0,0,0,0,0,0,0,0,0,0,0,0,0,0,0,0,1,0,0,1,0
2,88,33.929,36.23,34.268,116.4,232.1,1192.1,33.9,36.2,34.3,1128.6822,1451,4205.35,57072.362,269.27793,10300,0,0,0,0,0,0,0,1,0,0,0,0,0,0,0,0,0,0,0,0,0,0,0,0,0,0,0,1,0
3,109,29.557,31.459,26.618,138.7,319.7,1279.7,29.6,31.5,26.6,1128.6822,1451,4205.35,57072.362,269.27793,10300,0,0,0,0,0,0,0,1,0,0,0,0,0,0,0,0,0,0,0,0,0,0,0,0,1,0,0,1,0
1,83,56.747,37.27,30.948,97.3,125,1085,56.7,37.3,30.9,1128.6822,1451,4205.35,57072.362,269.27793,10300,0,0,0,0,0,0,0,0,0,0,0,0,0,0,0,0,0,0,0,0,1,0,0,0,1,0,0,1,0
2,93,34.89,36.15,30.113,120.2,226.1,1186.1,34.9,36.1,30.1,1128.6822,1451,4205.35,57072.362,269.27793,10300,0,0,0,0,0,0,0,0,0,0,0,0,0,0,0,0,0,0,0,0,1,0,0,0,1,0,0,1,0
3,68,29.447,31.137,26.292,139.9,313,1273,29.4,31.1,26.3,1128.6822,1451,4205.35,57072.362,269.27793,10300,0,0,0,0,0,0,0,0,0,0,0,0,0,0,0,0,0,0,0,0,1,0,0,0,1,0,0,1,0
1,73,50.166,37.158,30.185,103.4,117.5,1077.5,50.2,37.2,30.2,1128.6822,1451,4205.35,57072.362,269.27793,10300,0,0,0,0,0,0,0,0,0,1,0,0,0,0,0,0,0,0,0,0,0,0,0,0,0,0,0,1,0
2,104,34.214,33.8,27.971,126.6,213.5,1173.5,34.2,33.8,28,1128.6822,1451,4205.35,57072.362,269.27793,10300,0,0,0,0,0,0,0,0,0,1,0,0,0,0,0,0,0,0,0,0,0,0,0,0,1,0,0,1,0
3,101,29.306,31.132,26.43,139.9,300.4,1260.4,29.3,31.1,26.4,1128.6822,1451,4205.35,57072.362,269.27793,10300,0,0,0,0,0,0,0,0,0,1,0,0,0,0,0,0,0,0,0,0,0,0,0,0,1,0,0,1,0
1,87,62.5,36.618,30.082,94.1,129.2,1089.2,62.5,36.6,30.1,1128.6822,1451,4205.35,57072.362,269.27793,10300,0,0,0,0,0,0,0,0,0,0,0,0,0,1,0,0,0,0,0,0,0,0,0,0,1,0,0,1,0
2,93,33.266,36.148,34.758,116.7,233.4,1193.4,33.3,36.1,34.8,1128.6822,1451,4205.35,57072.362,269.27793,10300,0,0,0,0,0,0,0,0,0,0,0,0,0,1,0,0,0,0,0,0,0,0,0,0,1,0,0,1,0
3,69,29.594,31.286,26.764,138.7,321,1281,29.6,31.3,26.8,1128.6822,1451,4205.35,57072.362,269.27793,10300,0,0,0,0,0,0,0,0,0,0,0,0,0,1,0,0,0,0,0,0,0,0,0,0,0,0,0,1,0
1,154,60.4,36.242,30.285,95.7,126.9,1086.9,60.4,36.2,30.3,1128.6822,1451,4205.35,57072.362,269.27793,10300,0,0,0,0,0,0,0,0,0,0,0,0,0,0,0,0,0,0,0,0,0,0,1,0,1,0,0,1,0
2,84,33.953,36.257,30.89,120.2,228,1188,34,36.3,30.9,1128.6822,1451,4205.35,57072.362,269.27793,10300,0,0,0,0,0,0,0,0,0,0,0,0,0,0,0,0,0,0,0,0,0,0,1,0,1,0,0,1,0
3,70,29.606,31.257,26.593,139,315.5,1275.5,29.6,31.3,26.6,1128.6822,1451,4205.35,57072.362,269.27793,10300,0,0,0,0,0,0,0,0,0,0,0,0,0,0,0,0,0,0,0,0,0,0,1,0,0,0,0,1,0
1,100,59.016,36.399,30.336,96.6,125.8,1085.8,59,36.4,30.3,1128.6822,1451,4205.35,57072.362,269.27793,10300,0,0,0,0,0,0,0,0,0,0,0,0,0,0,0,1,0,0,0,0,0,0,0,0,1,0,0,1,0
2,82,34.502,36.345,34.116,115.8,230.7,1190.7,34.5,36.3,34.1,1128.6822,1451,4205.35,57072.362,269.27793,10300,0,0,0,0,0,0,0,0,0,0,0,0,0,0,0,1,0,0,0,0,0,0,0,0,1,0,0,1,0
3,86,29.608,31.431,27.485,137.3,319.2,1279.2,29.6,31.4,27.5,1128.6822,1451,4205.35,57072.362,269.27793,10300,0,0,0,0,0,0,0,0,0,0,0,0,0,0,0,1,0,0,0,0,0,0,0,0,0,0,0,1,0
1,79,98.5,23.268,34.423,57.5,156.2,156.2,98.5,23.3,34.4,956.93524,1331.6,3530.67,49023.662,221.66721,10119,0,0,0,0,0,0,0,1,0,0,0,0,0,0,0,0,0,0,0,0,0,0,0,0,0,1,0,0,0
2,90,24.537,20.046,33.568,114.9,234.4,234.4,24.5,20,33.6,956.93524,1331.6,3530.67,49023.662,221.66721,10119,0,0,0,0,0,0,0,1,0,0,0,0,0,0,0,0,0,0,0,0,0,0,0,0,0,1,0,0,0
3,84,22.507,18.445,29.522,127.5,304.9,304.9,22.5,18.4,29.5,956.93524,1331.6,3530.67,49023.662,221.66721,10119,0,0,0,0,0,0,0,1,0,0,0,0,0,0,0,0,0,0,0,0,0,0,0,0,0,1,0,0,0
1,112,105.4,22.408,32.357,56.1,160.2,160.2,105.4,22.4,32.4,956.93524,1331.6,3530.67,49023.662,221.66721,10119,1,0,0,0,0,0,0,0,0,0,0,0,0,0,0,0,0,0,0,0,0,0,0,0,0,1,0,0,0
2,83,24.445,19.772,31.795,118.2,236.2,236.2,24.4,19.8,31.8,956.93524,1331.6,3530.67,49023.662,221.66721,10119,1,0,0,0,0,0,0,0,0,0,0,0,0,0,0,0,0,0,0,0,0,0,0,0,0,1,0,0,0
3,99,22.807,18.46,29.468,127,306.9,306.9,22.8,18.5,29.5,956.93524,1331.6,3530.67,49023.662,221.66721,10119,1,0,0,0,0,0,0,0,0,0,0,0,0,0,0,0,0,0,0,0,0,0,0,0,0,1,0,0,0
1,94,103.5,23.686,31.953,56.4,159.1,159.1,103.5,23.7,32,956.93524,1331.6,3530.67,49023.662,221.66721,10119,0,0,0,0,0,0,0,0,0,0,0,0,0,0,1,0,0,0,0,0,0,0,0,0,1,1,0,0,0
2,95,24.939,19.879,34.732,112.9,238.7,238.7,24.9,19.9,34.7,956.93524,1331.6,3530.67,49023.662,221.66721,10119,0,0,0,0,0,0,0,0,0,0,0,0,0,0,1,0,0,0,0,0,0,0,0,0,0,1,0,0,0
3,87,22.318,17.983,29.061,129.5,308,308,22.3,18,29.1,956.93524,1331.6,3530.67,49023.662,221.66721,10119,0,0,0,0,0,0,0,0,0,0,0,0,0,0,1,0,0,0,0,0,0,0,0,0,0,1,0,0,0
1,90,100.5,22.603,34.74,56.9,157.9,157.9,100.5,22.6,34.7,956.93524,1331.6,3530.67,49023.662,221.66721,10119,0,0,0,0,0,0,0,0,0,0,0,0,0,0,0,0,0,0,0,0,1,0,0,0,0,1,0,0,0
2,87,25.049,19.754,32.678,115.9,235.3,235.3,25,19.8,32.7,956.93524,1331.6,3530.67,49023.662,221.66721,10119,0,0,0,0,0,0,0,0,0,0,0,0,0,0,0,0,0,0,0,0,1,0,0,0,1,1,0,0,0
3,76,22.851,18.299,29.444,127.2,305.9,305.9,22.9,18.3,29.4,956.93524,1331.6,3530.67,49023.662,221.66721,10119,0,0,0,0,0,0,0,0,0,0,0,0,0,0,0,0,0,0,0,0,1,0,0,0,0,1,0,0,0
1,152,103,23.255,32.396,56.6,158.6,158.6,103,23.3,32.4,956.93524,1331.6,3530.67,49023.662,221.66721,10119,0,0,0,0,0,0,1,0,0,0,0,0,0,0,0,0,0,0,0,0,0,0,0,0,1,1,0,0,0
2,79,24.834,19.996,32.315,116.4,235.8,235.8,24.8,20,32.3,956.93524,1331.6,3530.67,49023.662,221.66721,10119,0,0,0,0,0,0,1,0,0,0,0,0,0,0,0,0,0,0,0,0,0,0,0,0,1,1,0,0,0
3,86,22.706,18.409,29.689,126.9,306.6,306.6,22.7,18.4,29.7,956.93524,1331.6,3530.67,49023.662,221.66721,10119,0,0,0,0,0,0,1,0,0,0,0,0,0,0,0,0,0,0,0,0,0,0,0,0,0,1,0,0,0
1,144,98.1,22.757,33.909,58,154.8,154.8,98.1,22.8,33.9,956.93524,1331.6,3530.67,49023.662,221.66721,10119,0,0,0,0,0,0,0,0,0,0,0,0,0,0,0,0,0,0,0,0,0,1,0,0,1,1,0,0,0
2,89,24.648,20.084,31.729,117.5,231.2,231.2,24.6,20.1,31.7,956.93524,1331.6,3530.67,49023.662,221.66721,10119,0,0,0,0,0,0,0,0,0,0,0,0,0,0,0,0,0,0,0,0,0,1,0,0,1,1,0,0,0
3,98,22.391,18.501,29.236,128.1,301.3,301.3,22.4,18.5,29.2,956.93524,1331.6,3530.67,49023.662,221.66721,10119,0,0,0,0,0,0,0,0,0,0,0,0,0,0,0,0,0,0,0,0,0,1,0,0,0,1,0,0,0
1,102,102.6,20.121,32.437,57.9,155.2,635.2,102.6,20.1,32.4,1149.8582,1536,4029.88,55677.088,329.28831,10237,0,0,0,0,0,0,0,0,0,0,0,0,0,0,0,0,0,0,0,1,0,0,0,0,0,0,1,0,0
2,93,24.083,20.209,35.837,112.1,235.3,715.3,24.1,20.2,35.8,1149.8582,1536,4029.88,55677.088,329.28831,10237,0,0,0,0,0,0,0,0,0,0,0,0,0,0,0,0,0,0,0,1,0,0,0,0,0,0,1,0,0
3,124,22.2,17.929,29.136,129.7,304.6,784.6,22.2,17.9,29.1,1149.8582,1536,4029.88,55677.088,329.28831,10237,0,0,0,0,0,0,0,0,0,0,0,0,0,0,0,0,0,0,0,1,0,0,0,0,0,0,1,0,0
1,104,87.3,20.148,32.043,64.4,139.5,619.5,87.3,20.1,32,1149.8582,1536,4029.88,55677.088,329.28831,10237,0,0,0,0,0,0,0,0,0,0,0,0,1,0,0,0,0,0,0,0,0,0,0,0,0,0,1,0,0
2,128,23.708,19.427,30.499,122,213.1,693.1,23.7,19.4,30.5,1149.8582,1536,4029.88,55677.088,329.28831,10237,0,0,0,0,0,0,0,0,0,0,0,0,1,0,0,0,0,0,0,0,0,0,0,0,0,0,1,0,0
3,81,21.944,17.915,28.927,130.6,281.9,761.9,21.9,17.9,28.9,1149.8582,1536,4029.88,55677.088,329.28831,10237,0,0,0,0,0,0,0,0,0,0,0,0,1,0,0,0,0,0,0,0,0,0,0,0,0,0,1,0,0
1,89,101.8,20.292,32.572,58.1,154.7,634.7,101.8,20.3,32.6,1149.8582,1536,4029.88,55677.088,329.28831,10237,0,0,0,0,0,0,0,0,1,0,0,0,0,0,0,0,0,0,0,0,0,0,0,0,0,0,1,0,0
2,109,24.002,20.357,34.146,114.4,233.2,713.2,24,20.4,34.1,1149.8582,1536,4029.88,55677.088,329.28831,10237,0,0,0,0,0,0,0,0,1,0,0,0,0,0,0,0,0,0,0,0,0,0,0,0,1,0,1,0,0
3,83,22.231,18.082,28.839,129.9,302.4,782.4,22.2,18.1,28.8,1149.8582,1536,4029.88,55677.088,329.28831,10237,0,0,0,0,0,0,0,0,1,0,0,0,0,0,0,0,0,0,0,0,0,0,0,0,1,0,1,0,0
1,118,98.1,22.434,33.333,58.4,153.9,633.9,98.1,22.4,33.3,1149.8582,1536,4029.88,55677.088,329.28831,10237,0,0,0,0,0,0,0,0,0,1,0,0,0,0,0,0,0,0,0,0,0,0,0,0,0,0,1,0,0
2,74,24.063,20.723,31.491,117.8,230.1,710.1,24.1,20.7,31.5,1149.8582,1536,4029.88,55677.088,329.28831,10237,0,0,0,0,0,0,0,0,0,1,0,0,0,0,0,0,0,0,0,0,0,0,0,0,0,0,1,0,0
3,109,22.286,18.059,28.932,129.7,299.4,779.4,22.3,18.1,28.9,1149.8582,1536,4029.88,55677.088,329.28831,10237,0,0,0,0,0,0,0,0,0,1,0,0,0,0,0,0,0,0,0,0,0,0,0,0,0,0,1,0,0
1,126,94.6,22.217,33.093,59.9,149.9,629.9,94.6,22.2,33.1,1149.8582,1536,4029.88,55677.088,329.28831,10237,0,0,1,0,0,0,0,0,0,0,0,0,0,0,0,0,0,0,0,0,0,0,0,0,1,0,1,0,0
2,102,25.928,20.006,30.673,117.2,226.5,706.6,25.9,20,30.7,1149.8582,1536,4029.88,55677.088,329.28831,10237,0,0,1,0,0,0,0,0,0,0,0,0,0,0,0,0,0,0,0,0,0,0,0,0,1,0,1,0,0
3,91,22.195,17.999,28.963,129.9,295.7,775.7,22.2,18,29,1149.8582,1536,4029.88,55677.088,329.28831,10237,0,0,1,0,0,0,0,0,0,0,0,0,0,0,0,0,0,0,0,0,0,0,0,0,0,0,1,0,0
1,92,83.8,22.535,33.548,64.2,139.9,1579.9,83.8,22.5,33.5,1097.9143,1565.6,3959.09,55465.996,305.23769,11385,0,0,0,0,0,1,0,0,0,0,0,0,0,0,0,0,0,0,0,0,0,0,0,0,1,0,0,0,1
2,70,26.168,21.029,33.018,112,220.1,1660.1,26.2,21,33,1097.9143,1565.6,3959.09,55465.996,305.23769,11385,0,0,0,0,0,1,0,0,0,0,0,0,0,0,0,0,0,0,0,0,0,0,0,0,1,0,0,0,1
3,175,22.581,18.127,29.015,128.8,289.9,1729.9,22.6,18.1,29,1097.9143,1565.6,3959.09,55465.996,305.23769,11385,0,0,0,0,0,1,0,0,0,0,0,0,0,0,0,0,0,0,0,0,0,0,0,0,0,0,0,0,1
1,97,81.9,23.274,36.411,63.4,141.6,1581.6,81.9,23.3,36.4,1097.9143,1565.6,3959.09,55465.996,305.23769,11385,0,0,0,0,0,0,0,0,0,0,1,0,0,0,0,0,0,0,0,0,0,0,0,0,1,0,0,0,1
2,86,27.636,21.216,33.168,109.5,223.6,1663.6,27.6,21.2,33.2,1097.9143,1565.6,3959.09,55465.996,305.23769,11385,0,0,0,0,0,0,0,0,0,0,1,0,0,0,0,0,0,0,0,0,0,0,0,0,1,0,0,0,1
3,106,22.012,17.992,29.011,130.1,292.7,1732.7,22,18,29,1097.9143,1565.6,3959.09,55465.996,305.23769,11385,0,0,0,0,0,0,0,0,0,0,1,0,0,0,0,0,0,0,0,0,0,0,0,0,0,0,0,0,1
1,89,84.5,22.79,37.031,62.2,144.4,1584.4,84.5,22.8,37,1097.9143,1565.6,3959.09,55465.996,305.23769,11385,0,0,0,0,0,0,0,0,0,0,0,0,0,1,0,0,0,0,0,0,0,0,0,0,1,0,0,0,1
2,96,25.743,21.853,37.359,105.7,229.3,1669.3,25.7,21.9,37.4,1097.9143,1565.6,3959.09,55465.996,305.23769,11385,0,0,0,0,0,0,0,0,0,0,0,0,0,1,0,0,0,0,0,0,0,0,0,0,1,0,0,0,1
3,86,22.183,18.031,28.766,130.2,298.3,1738.3,22.2,18,28.8,1097.9143,1565.6,3959.09,55465.996,305.23769,11385,0,0,0,0,0,0,0,0,0,0,0,0,0,1,0,0,0,0,0,0,0,0,0,0,0,0,0,0,1
1,81,77.3,22.19,34.085,67.2,133.6,1573.6,77.3,22.2,34.1,1097.9143,1565.6,3959.09,55465.996,305.23769,11385,0,0,0,0,0,0,0,0,0,0,0,0,0,0,0,0,0,0,0,0,0,0,1,0,1,0,0,0,1
2,88,23.257,19.234,38.954,110.3,215,1655,23.3,19.2,39,1097.9143,1565.6,3959.09,55465.996,305.23769,11385,0,0,0,0,0,0,0,0,0,0,0,0,0,0,0,0,0,0,0,0,0,0,1,0,1,0,0,0,1
1,120,68.1,21.898,33.597,72.7,123.5,1563.5,68.1,21.9,33.6,1097.9143,1565.6,3959.09,55465.996,305.23769,11385,0,0,0,0,0,0,0,0,0,0,0,1,0,0,0,0,0,0,0,0,0,0,0,0,0,0,0,0,1
2,83,24.667,20.851,32.913,114.5,202,1642,24.7,20.9,32.9,1097.9143,1565.6,3959.09,55465.996,305.23769,11385,0,0,0,0,0,0,0,0,0,0,0,1,0,0,0,0,0,0,0,0,0,0,0,0,1,0,0,0,1
3,103,22.268,18.221,29.139,129,271.6,1711.6,22.3,18.2,29.1,1097.9143,1565.6,3959.09,55465.996,305.23769,11385,0,0,0,0,0,0,0,0,0,0,0,1,0,0,0,0,0,0,0,0,0,0,0,0,1,0,0,0,1
1,79,83.2,22.5,37.433,62.7,143.2,1583.2,83.2,22.5,37.4,1097.9143,1565.6,3959.09,55465.996,305.23769,11385,0,0,0,0,0,0,0,0,0,0,0,0,0,0,0,0,0,0,0,0,0,0,0,1,0,0,0,0,1
2,89,26.667,21.32,35.178,108,226.3,1666.3,26.7,21.3,35.2,1097.9143,1565.6,3959.09,55465.996,305.23769,11385,0,0,0,0,0,0,0,0,0,0,0,0,0,0,0,0,0,0,0,0,0,0,0,1,0,0,0,0,1
3,101,22.151,17.966,28.957,130,295.4,1735.4,22.2,18,29,1097.9143,1565.6,3959.09,55465.996,305.23769,11385,0,0,0,0,0,0,0,0,0,0,0,0,0,0,0,0,0,0,0,0,0,0,0,1,1,0,0,0,1
1,118,79.5,21.427,31.449,67.8,132.4,1092.4,79.5,21.4,31.4,1128.6822,1451,4205.35,57072.362,269.27793,10300,0,0,0,1,0,0,0,0,0,0,0,0,0,0,0,0,0,0,0,0,0,0,0,0,0,0,0,1,0
2,81,23.205,18.863,29.467,125.6,203.9,1163.9,23.2,18.9,29.5,1128.6822,1451,4205.35,57072.362,269.27793,10300,0,0,0,1,0,0,0,0,0,0,0,0,0,0,0,0,0,0,0,0,0,0,0,0,1,0,0,1,0
3,74,22.482,18.059,29.018,129.1,273.5,1233.5,22.5,18.1,29,1128.6822,1451,4205.35,57072.362,269.27793,10300,0,0,0,1,0,0,0,0,0,0,0,0,0,0,0,0,0,0,0,0,0,0,0,0,1,0,0,1,0
1,75,95.9,21.21,32.494,60,149.6,1109.6,95.9,21.2,32.5,1128.6822,1451,4205.35,57072.362,269.27793,10300,0,0,0,0,0,0,0,0,0,0,0,0,0,0,0,0,0,0,1,0,0,0,0,0,0,0,0,1,0
2,98,23.622,22.791,32.966,113.2,229,1189,23.6,22.8,33,1128.6822,1451,4205.35,57072.362,269.27793,10300,0,0,0,0,0,0,0,0,0,0,0,0,0,0,0,0,0,0,1,0,0,0,0,0,1,0,0,1,0
3,93,22.115,17.856,28.988,130.3,297.9,1257.9,22.1,17.9,29,1128.6822,1451,4205.35,57072.362,269.27793,10300,0,0,0,0,0,0,0,0,0,0,0,0,0,0,0,0,0,0,1,0,0,0,0,0,0,0,0,1,0
1,76,85.6,22.408,34.521,63,142.6,1102.6,85.6,22.4,34.5,1128.6822,1451,4205.35,57072.362,269.27793,10300,0,0,0,0,1,0,0,0,0,0,0,0,0,0,0,0,0,0,0,0,0,0,0,0,1,0,0,1,0
2,94,26.036,21.244,32.871,112.1,222.7,1182.7,26,21.2,32.9,1128.6822,1451,4205.35,57072.362,269.27793,10300,0,0,0,0,1,0,0,0,0,0,0,0,0,0,0,0,0,0,0,0,0,0,0,0,1,0,0,1,0
3,110,22.199,17.828,28.771,130.6,291.5,1251.5,22.2,17.8,28.8,1128.6822,1451,4205.35,57072.362,269.27793,10300,0,0,0,0,1,0,0,0,0,0,0,0,0,0,0,0,0,0,0,0,0,0,0,0,0,0,0,1,0
1,111,78.9,22.818,33.007,66.7,134.7,1094.7,78.9,22.8,33,1128.6822,1451,4205.35,57072.362,269.27793,10300,0,0,0,0,0,0,0,0,0,0,0,0,0,0,0,1,0,0,0,0,0,0,0,0,1,0,0,1,0
2,136,24.44,19.905,32.173,117.4,211.2,1171.2,24.4,19.9,32.2,1128.6822,1451,4205.35,57072.362,269.27793,10300,0,0,0,0,0,0,0,0,0,0,0,0,0,0,0,1,0,0,0,0,0,0,0,0,1,0,0,1,0
3,71,22.166,18.241,29.224,129,280.9,1240.9,22.2,18.2,29.2,1128.6822,1451,4205.35,57072.362,269.27793,10300,0,0,0,0,0,0,0,0,0,0,0,0,0,0,0,1,0,0,0,0,0,0,0,0,0,0,0,1,0
1,102,91.8,20.234,34.016,61.5,146.1,1106.1,91.8,20.2,34,1128.6822,1451,4205.35,57072.362,269.27793,10300,0,1,0,0,0,0,0,0,0,0,0,0,0,0,0,0,0,0,0,0,0,0,0,0,1,0,0,1,0
2,89,23.077,21.06,34.66,114,224.9,1184.9,23.1,21.1,34.7,1128.6822,1451,4205.35,57072.362,269.27793,10300,0,1,0,0,0,0,0,0,0,0,0,0,0,0,0,0,0,0,0,0,0,0,0,0,1,0,0,1,0
3,85,22.217,18.084,28.832,129.9,294,1254,22.2,18.1,28.8,1128.6822,1451,4205.35,57072.362,269.27793,10300,0,1,0,0,0,0,0,0,0,0,0,0,0,0,0,0,0,0,0,0,0,0,0,0,0,0,0,1,0
1,121,162.1,19.039,33.76,41.8,214.9,1174.9,162.1,19,33.8,1128.6822,1451,4205.35,57072.362,269.27793,10300,0,0,0,0,0,0,0,0,0,0,0,0,0,0,0,0,1,0,0,0,0,0,0,0,1,0,0,1,0
2,84,22.136,17.866,28.883,130.4,283.8,1243.8,22.1,17.9,28.9,1128.6822,1451,4205.35,57072.362,269.27793,10300,0,0,0,0,0,0,0,0,0,0,0,0,0,0,0,0,1,0,0,0,0,0,0,0,1,0,0,1,0
