TIME_UTC_SECONDS,AIR_TEMP,TRACK_TEMP,HUMIDITY,PRESSURE,WIND_SPEED,WIND_DIRECTION,RAIN,LOCATION,EVENT
1618042506,15,18.4,60,1018.05,2.12187,165,-1,Location 2,Free Practice 2
1618042567,15.0556,18.4,60,1018.12,1.06093,177,-1,Location 2,Free Practice 2
1618042632,15.0556,18.5,60,1018.12,2.12187,157,-1,Location 2,Free Practice 2
1618042697,15.0556,18.5,60,1018.08,2.12187,163,-1,Location 2,Free Practice 2
1618042762,15.1111,18.5,60,1018.15,3.1828,149,-1,Location 2,Free Practice 2
1618042822,15.0556,18.5,60,1018.25,2.12187,130,-1,Location 2,Free Practice 2
1618042887,15.1111,18.6,60,1018.25,6.3656,173,-1,Location 2,Free Practice 2
1618042953,15.0556,18.6,60,1018.25,3.1828,175,-1,Location 2,Free Practice 2
1618043017,15.0556,18.7,60,1018.25,4.24374,161,-1,Location 2,Free Practice 2
1618043078,15.0556,18.7,60,1018.25,4.24374,143,-1,Location 2,Free Practice 2
1618043143,15.0556,18.7,60,1018.22,3.1828,148,-1,Location 2,Free Practice 2
1618043208,15.0556,18.8,60,1018.22,2.12187,76,-1,Location 2,Free Practice 2
1618043268,15.0556,18.8,60,1018.15,4.24374,142,-1,Location 2,Free Practice 2
1618043333,15.0556,18.9,60,1018.25,1.06093,140,-1,Location 2,Free Practice 2
1618043398,15.0556,19,60,1018.22,6.3656,160,-1,Location 2,Free Practice 2
1618043463,15,19,60,1018.29,4.24374,131,-1,Location 2,Free Practice 2
1618043528,14.9444,19.1,60,1018.25,7.42654,141,-1,Location 2,Free Practice 2
1618043593,14.8889,19.2,60,1018.29,2.12187,147,-1,Location 2,Free Practice 2
1618043654,14.8889,19.3,61,1018.35,2.12187,165,-1,Location 2,Free Practice 2
1618043719,14.8889,19.5,61,1018.35,6.3656,146,-1,Location 2,Free Practice 2
1618043784,14.8889,19.5,60,1018.29,5.30467,166,-1,Location 2,Free Practice 2
1618043848,14.8333,19.5,61,1018.39,3.1828,80,-1,Location 2,Free Practice 2
1618043909,14.8333,19.6,61,1018.29,1.06093,163,-1,Location 2,Free Practice 2
1618043974,14.8333,19.7,61,1018.29,2.12187,155,-1,Location 2,Free Practice 2
1618044039,14.8333,19.7,61,1018.29,1.06093,155,-1,Location 2,Free Practice 2
1618044104,14.8889,19.9,61,1018.29,2.12187,152,-1,Location 2,Free Practice 2
1618044164,14.9444,20,61,1018.22,4.24374,159,-1,Location 2,Free Practice 2
1618044229,15,20,61,1018.25,7.42654,102,-1,Location 2,Free Practice 2
1618044295,15.0556,20.1,61,1018.25,3.1828,148,-1,Location 2,Free Practice 2
1618044360,15.0556,20.1,61,1018.19,3.1828,151,-1,Location 2,Free Practice 2
1618044425,15.0556,20.2,61,1018.15,4.24374,155,-1,Location 2,Free Practice 2
1618044490,15.0556,20.4,61,1018.15,2.12187,171,-1,Location 2,Free Practice 2
1618045251,15.3333,21,60,1018.15,6.3656,149,-1,Location 2,Free Practice 2
1618045316,15.3333,20.9,60,1018.08,4.24374,149,-1,Location 2,Free Practice 2
1618045381,15.2778,20.8,61,1018.19,6.3656,169,-1,Location 2,Free Practice 2
1618045441,15.2222,20.7,61,1018.08,4.24374,159,-1,Location 2,Free Practice 2
1618045506,15.1667,20.6,61,1018.05,2.12187,104,-1,Location 2,Free Practice 2
1618048832,15.1667,20,62,1018.08,2.12187,141,-1,Location 2,Qualifying Group 1
1618048896,15.1111,19.9,62,1018.19,3.1828,105,-1,Location 2,Qualifying Group 1
1618048957,15.1111,19.9,63,1018.08,1.06093,181,-1,Location 2,Qualifying Group 1
1618049022,15.1111,19.9,63,1017.98,4.24374,163,-1,Location 2,Qualifying Group 1
1618034429,9.77778,11.2,68,1017.58,0,84,-1,Location 2,Free Practice 1
1618034495,9.83333,11.2,68,1017.64,0,84,-1,Location 2,Free Practice 1
1618034560,9.83333,11.2,68,1017.61,1.06093,84,-1,Location 2,Free Practice 1
1618034624,9.94445,11.2,67,1017.64,0,84,-1,Location 2,Free Practice 1
1618034685,9.94445,11.2,67,1017.61,0,84,-1,Location 2,Free Practice 1
1618034750,10,11.2,67,1017.64,0,84,-1,Location 2,Free Practice 1
1618034815,10.0556,11.3,67,1017.64,0,84,-1,Location 2,Free Practice 1
1618034880,10.1111,11.3,67,1017.61,0,84,-1,Location 2,Free Practice 1
1618034940,10.1667,11.4,67,1017.64,0,84,-1,Location 2,Free Practice 1
1618035005,10.2222,11.4,67,1017.61,0,84,-1,Location 2,Free Practice 1
1618035070,10.2778,11.5,67,1017.64,0,84,-1,Location 2,Free Practice 1
1618035135,10.3333,11.5,66,1017.68,0,84,-1,Location 2,Free Practice 1
1618035196,10.3889,11.6,66,1017.61,2.12187,83,-1,Location 2,Free Practice 1
1618035261,10.4444,11.6,66,1017.61,1.06093,83,-1,Location 2,Free Practice 1
1618035326,10.5,11.8,65,1017.68,2.12187,83,-1,Location 2,Free Practice 1
1618035401,10.5,11.8,65,1017.61,1.06093,71,-1,Location 2,Free Practice 1
1618035466,10.5556,11.9,65,1017.58,0,71,-1,Location 2,Free Practice 1
1618035526,10.5556,11.9,65,1017.71,1.06093,71,-1,Location 2,Free Practice 1
1618035591,10.5556,12,65,1017.71,0,71,-1,Location 2,Free Practice 1
1618035656,10.5556,12,65,1017.75,0,71,-1,Location 2,Free Practice 1
1618035721,10.6111,12.1,65,1017.71,0,71,-1,Location 2,Free Practice 1
1618035781,10.6111,12.1,65,1017.71,0,71,-1,Location 2,Free Practice 1
1618035847,10.6667,12.2,65,1017.64,0,71,-1,Location 2,Free Practice 1
1618035912,10.6667,12.2,65,1017.61,0,71,-1,Location 2,Free Practice 1
1618035976,10.7222,12.3,65,1017.64,0,71,-1,Location 2,Free Practice 1
1618036037,10.7222,12.3,65,1017.54,0,71,-1,Location 2,Free Practice 1
1618036102,10.7778,12.3,65,1017.64,0,71,-1,Location 2,Free Practice 1
1618036167,10.7778,12.4,65,1017.71,0,71,-1,Location 2,Free Practice 1
1618036232,10.8333,12.4,65,1017.68,0,71,-1,Location 2,Free Practice 1
1618036292,10.8333,12.5,65,1017.58,0,71,-1,Location 2,Free Practice 1
1618036357,10.8889,12.5,65,1017.58,0,71,-1,Location 2,Free Practice 1
1618036422,10.8889,12.6,65,1017.68,0,71,-1,Location 2,Free Practice 1
1618036488,10.9444,12.6,65,1017.64,0,71,-1,Location 2,Free Practice 1
1618036552,10.9444,12.6,65,1017.51,0,71,-1,Location 2,Free Practice 1
1618036613,10.9444,12.6,65,1017.54,0,71,-1,Location 2,Free Practice 1
1618036678,11,12.6,65,1017.58,0,71,-1,Location 2,Free Practice 1
1618036743,11,12.7,65,1017.64,0,71,-1,Location 2,Free Practice 1
1618036808,11.0556,12.7,65,1017.54,0,71,-1,Location 2,Free Practice 1
1618036868,11.0556,12.8,65,1017.51,0,71,-1,Location 2,Free Practice 1
1618036933,11.1111,12.8,65,1017.47,0,71,-1,Location 2,Free Practice 1
1618036998,11.1667,12.8,65,1017.58,0,71,-1,Location 2,Free Practice 1
1618037063,11.1667,12.9,65,1017.58,0,71,-1,Location 2,Free Practice 1
1618049287,15.0556,19.6,63,1018.08,2.12187,160,-1,Location 2,Qualifying Group 2
1618049352,15.0556,19.6,63,1018.08,1.06093,169,-1,Location 2,Qualifying Group 2
1618049418,15.0556,19.5,63,1018.02,2.12187,168,-1,Location 2,Qualifying Group 2
1618049482,15.0556,19.5,63,1018.02,4.24374,167,-1,Location 2,Qualifying Group 2
1618050259,14.9444,19.4,64,1017.91,1.06093,196,-1,Location 2,Qualifying Group 4
1618050323,14.9444,19.7,64,1017.85,0,197,-1,Location 2,Qualifying Group 4
1618050384,14.9444,19.9,64,1017.88,2.12187,196,-1,Location 2,Qualifying Group 4
1618050449,15,20.1,64,1017.78,2.12187,194,-1,Location 2,Qualifying Group 4
1618049798,14.9444,19.4,63,1017.98,2.12187,171,-1,Location 2,Qualifying Group 3
1618049863,14.9444,19.4,63,1017.95,1.06093,148,-1,Location 2,Qualifying Group 3
1618049928,14.9444,19.4,63,1017.91,1.06093,163,-1,Location 2,Qualifying Group 3
1618049993,14.9444,19.4,63,1017.81,2.12187,163,-1,Location 2,Qualifying Group 3
1614430803,22.8333,29.2,30,937.183,1.06093,322,-1,Location 1,Qualifying Group 1
1614430882,22.8333,29,30,937.115,1.06093,315,-1,Location 1,Qualifying Group 1
1614430948,22.8333,28.9,30,937.082,1.06093,125,-1,Location 1,Qualifying Group 1
1614431013,22.8333,28.7,30,937.115,2.12187,61,-1,Location 1,Qualifying Group 1
1614422760,22,32.7,32,937.454,2.12187,286,-1,Location 1,Free Practice 3
1614422820,22,33,32,937.42,8.48747,270,-1,Location 1,Free Practice 3
1614422885,21.9444,33.2,32,937.454,4.24374,298,-1,Location 1,Free Practice 3
1614422950,21.9444,33.5,32,937.352,4.24374,309,-1,Location 1,Free Practice 3
1614423016,22,33.7,32,937.386,4.24374,294,-1,Location 1,Free Practice 3
1614423081,22.0556,33.9,32,937.42,2.12187,295,-1,Location 1,Free Practice 3
1614423145,22.1111,34.1,32,937.386,1.06093,288,-1,Location 1,Free Practice 3
1614423206,22.1667,34.2,32,937.42,3.1828,331,-1,Location 1,Free Practice 3
1614423270,22.2222,34.4,31,937.454,2.12187,329,-1,Location 1,Free Practice 3
1614423331,22.2778,34.5,31,937.42,3.1828,297,-1,Location 1,Free Practice 3
1614423396,22.2778,34.5,31,937.386,3.1828,277,-1,Location 1,Free Practice 3
1614423461,22.3333,34.7,31,937.352,3.1828,22,-1,Location 1,Free Practice 3
1614423526,22.3333,34.7,31,937.319,2.12187,18,-1,Location 1,Free Practice 3
1614423601,22.3333,34.8,31,937.319,0,332,-1,Location 1,Free Practice 3
1614423661,22.3889,34.8,31,937.251,1.06093,332,-1,Location 1,Free Practice 3
1614423727,22.3889,34.9,31,937.217,5.30467,298,-1,Location 1,Free Practice 3
1614423792,22.4444,35,31,937.217,2.12187,61,-1,Location 1,Free Practice 3
1614423856,22.4444,35,30,937.183,1.06093,348,-1,Location 1,Free Practice 3
1614423917,22.4444,35.1,31,937.149,10.6093,301,-1,Location 1,Free Practice 3
1614423982,22.4444,34.9,30,937.082,2.12187,5,-1,Location 1,Free Practice 3
1614424047,22.4444,34.6,30,937.149,5.30467,314,-1,Location 1,Free Practice 3
1614424112,22.4444,34.1,30,937.115,2.12187,283,-1,Location 1,Free Practice 3
1614424177,22.5,34.1,30,937.082,2.12187,275,-1,Location 1,Free Practice 3
1614424237,22.5,34.2,30,937.115,3.1828,355,-1,Location 1,Free Practice 3
1614424302,22.5556,34.3,30,937.082,3.1828,290,-1,Location 1,Free Practice 3
1614424368,22.6111,34.3,30,937.014,1.06093,304,-1,Location 1,Free Practice 3
1614424432,22.6111,34.3,31,937.082,1.06093,302,-1,Location 1,Free Practice 3
1614424493,22.6667,34.2,30,937.014,2.12187,296,-1,Location 1,Free Practice 3
1614424558,22.7222,34.2,30,937.115,2.12187,296,-1,Location 1,Free Practice 3
1614424623,22.7778,34.3,30,937.082,6.3656,49,-1,Location 1,Free Practice 3
1614424688,22.7778,34.4,30,937.115,4.24374,21,-1,Location 1,Free Practice 3
1614424748,22.7778,34.4,30,937.048,2.12187,5,-1,Location 1,Free Practice 3
1614424813,22.7778,34.5,30,936.98,1.06093,350,-1,Location 1,Free Practice 3
1614424878,22.8333,34.4,30,937.014,2.12187,41,-1,Location 1,Free Practice 3
1614424943,22.8889,34.4,30,937.014,2.12187,58,-1,Location 1,Free Practice 3
1614425003,22.8889,34.4,30,937.048,5.30467,346,-1,Location 1,Free Practice 3
1614425069,22.9444,34.4,30,937.014,2.12187,291,-1,Location 1,Free Practice 3
1614425134,23,34.4,30,937.082,4.24374,312,-1,Location 1,Free Practice 3
1614425199,23,34.4,30,937.048,5.30467,26,-1,Location 1,Free Practice 3
1614425264,22.9444,33.9,29,937.014,2.12187,51,-1,Location 1,Free Practice 3
1614425324,22.8889,33.6,29,937.082,2.12187,292,-1,Location 1,Free Practice 3
1614425389,22.8333,33.5,30,937.082,2.12187,304,-1,Location 1,Free Practice 3
1614431333,22.9444,28.2,30,936.98,2.12187,99,-1,Location 1,Qualifying Group 2
1614431398,22.9444,28.1,30,937.014,0,87,-1,Location 1,Qualifying Group 2
1614431464,23,28,30,936.946,3.1828,88,-1,Location 1,Qualifying Group 2
1614432294,22.8889,26.8,30,937.014,3.1828,340,-1,Location 1,Qualifying Group 4
1614432355,22.8889,26.8,30,937.048,2.12187,57,-1,Location 1,Qualifying Group 4
1614432420,22.8889,26.7,30,937.014,3.1828,44,-1,Location 1,Qualifying Group 4
1614431784,22.8889,27.5,30,936.98,1.06093,98,-1,Location 1,Qualifying Group 3
1614431844,22.8889,27.4,30,937.048,1.06093,57,-1,Location 1,Qualifying Group 3
1614431909,22.8889,27.3,30,937.014,0,56,-1,Location 1,Qualifying Group 3
1614431974,22.8889,27.2,30,936.946,0,88,-1,Location 1,Qualifying Group 3
1619337619,14.2222,14.9,87,992.754,0,329,-1,Location 3,Qualifying Group 1
1619337684,14.2222,15,87,992.889,0,329,-1,Location 3,Qualifying Group 1
1619337749,14.2778,15,87,992.788,2.12187,284,-1,Location 3,Qualifying Group 1
1619337814,14.2778,15,87,992.855,1.06093,283,-1,Location 3,Qualifying Group 1
1619330453,12.2222,12,92,992.889,0,333,-1,Location 3,Free Practice 3
1619330518,12.2222,12,92,992.889,0,333,-1,Location 3,Free Practice 3
1619330583,12.2222,12,92,992.923,0,333,-1,Location 3,Free Practice 3
1619330648,12.2222,12,92,992.923,0,333,-1,Location 3,Free Practice 3
1619330708,12.2222,12,92,992.957,0,333,-1,Location 3,Free Practice 3
1619330774,12.2778,12,92,992.991,0,333,-1,Location 3,Free Practice 3
1619330839,12.2778,11.9,92,993.059,0,333,-1,Location 3,Free Practice 3
1619330903,12.2778,11.9,92,992.957,0,332,-1,Location 3,Free Practice 3
1619330964,12.2778,11.9,92,992.923,0,332,-1,Location 3,Free Practice 3
1619331029,12.2778,11.9,92,992.923,0,332,-1,Location 3,Free Practice 3
1619331094,12.2778,12,92,992.923,0,332,-1,Location 3,Free Practice 3
1619331159,12.2778,12,92,992.923,0,332,-1,Location 3,Free Practice 3
1619331219,12.2778,11.9,92,992.923,0,332,-1,Location 3,Free Practice 3
1619331284,12.2778,12,92,992.957,0,332,-1,Location 3,Free Practice 3
1619331350,12.2778,12,92,992.822,0,332,-1,Location 3,Free Practice 3
1619331414,12.2778,12,92,992.754,0,332,-1,Location 3,Free Practice 3
1619331475,12.2778,12,92,992.788,0,332,-1,Location 3,Free Practice 3
1619331540,12.2778,12,92,992.754,0,332,-1,Location 3,Free Practice 3
1619331605,12.2778,12,92,992.822,0,332,-1,Location 3,Free Practice 3
1619331670,12.2778,12,92,992.822,0,332,-1,Location 3,Free Practice 3
1619331730,12.2778,12,92,992.855,0,332,-1,Location 3,Free Practice 3
1619331795,12.3333,12,92,992.855,0,332,-1,Location 3,Free Practice 3
1619331860,12.3333,12,92,992.822,0,332,-1,Location 3,Free Practice 3
1619331925,12.3333,12,92,992.923,0,332,-1,Location 3,Free Practice 3
1619331990,12.3333,12,92,992.855,0,332,-1,Location 3,Free Practice 3
1619332051,12.3333,12,92,992.855,0,332,-1,Location 3,Free Practice 3
1619332116,12.3333,12,92,992.822,0,332,-1,Location 3,Free Practice 3
1619332181,12.3889,12,92,992.788,0,332,-1,Location 3,Free Practice 3
1619332245,12.3889,12.1,92,992.889,0,332,-1,Location 3,Free Practice 3
1619332306,12.3889,12.1,92,993.025,0,332,-1,Location 3,Free Practice 3
1619332371,12.3889,12.1,92,992.957,0,332,-1,Location 3,Free Practice 3
1619332436,12.3889,12.2,92,992.991,0,332,-1,Location 3,Free Practice 3
1619332501,12.3889,12.2,92,993.059,0,332,-1,Location 3,Free Practice 3
1619332561,12.4444,12.3,93,992.923,0,332,-1,Location 3,Free Practice 3
1619332626,12.4444,12.3,93,992.923,0,332,-1,Location 3,Free Practice 3
1619332692,12.4444,12.3,93,992.855,0,332,-1,Location 3,Free Practice 3
1619332756,12.4444,12.4,92,992.889,0,332,-1,Location 3,Free Practice 3
1619332817,12.4444,12.4,92,992.923,0,331,-1,Location 3,Free Practice 3
1619332882,12.4444,12.4,92,992.923,0,331,-1,Location 3,Free Practice 3
1619332947,12.5,12.4,92,992.889,0,331,-1,Location 3,Free Practice 3
1619333012,12.5,12.4,92,992.822,0,331,-1,Location 3,Free Practice 3
1619333077,12.5,12.4,92,992.822,0,331,-1,Location 3,Free Practice 3
1619338135,14.4444,15.8,87,992.957,2.12187,269,-1,Location 3,Qualifying Group 2
1619338200,14.5,16,87,992.889,1.06093,273,-1,Location 3,Qualifying Group 2
1619338260,14.5556,16.1,87,992.991,0,360,-1,Location 3,Qualifying Group 2
1619339091,14.7778,17,85,992.923,2.12187,266,-1,Location 3,Qualifying Group 4
1619339156,14.7778,17.3,85,992.855,2.12187,267,-1,Location 3,Qualifying Group 4
1619339222,14.7778,17.3,84,992.822,1.06093,265,-1,Location 3,Qualifying Group 4
1619338581,14.6667,16.3,86,992.889,0,296,-1,Location 3,Qualifying Group 3
1619338646,14.7222,16.1,86,992.923,0,304,-1,Location 3,Qualifying Group 3
1619338711,14.6667,16,85,992.991,1.06093,305,-1,Location 3,Qualifying Group 3
1619338776,14.6667,16,85,992.889,1.06093,150,-1,Location 3,Qualifying Group 3
1627203652,19.32,19.3,79.51,1006.74,1.06,329,0,Location 7,Qualifying Group 1
1627203712,19.2,19.3,80.21,1006.73,11.61,321,0,Location 7,Qualifying Group 1
1627203772,19.25,19.2,79.99,1006.74,11.59,310,0,Location 7,Qualifying Group 1
1627203832,19.11,19.2,80.48,1006.73,21.6,313,0,Location 7,Qualifying Group 1
1627204133,19.22,19.2,80.73,1006.73,14.56,305,0,Location 7,Qualifying Group 2
1627204193,19.33,19.2,80.35,1006.75,11.92,297,0,Location 7,Qualifying Group 2
1627204253,19.24,19.2,80.29,1006.73,17.57,316,0,Location 7,Qualifying Group 2
1627205093,20.1,19.8,78.22,1006.71,10.03,297,0,Location 7,Qualifying Group 4
1627205153,20.02,19.9,77.8,1006.7,9.24,316,0,Location 7,Qualifying Group 4
1627205213,19.74,19.9,78.53,1006.69,8.79,314,0,Location 7,Qualifying Group 4
1627205273,19.76,20,78.7,1006.7,6.99,56,0,Location 7,Qualifying Group 4
1627204613,19.75,19.3,78.72,1006.75,5.87,282,0,Location 7,Qualifying Group 3
1627204673,19.83,19.4,78.47,1006.75,0.64,25,0,Location 7,Qualifying Group 3
1627204733,19.66,19.4,79.3,1006.74,0,35,0,Location 7,Qualifying Group 3
1627204793,19.64,19.5,79.48,1006.74,4.4,94,0,Location 7,Qualifying Group 3
1624208415,20.4444,47.5,69,776.872,2.12186,228,-1,Location 5,Qualifying Group 1
1624208480,2.04444,47.9,69,776.804,3.31827,227,-1,Location 5,Qualifying Group 1
1624208545,20.5,47.9,69,776.736,1.06092,227,-1,Location 5,Qualifying Group 1
1624208610,20.5556,47.4,69,776.702,6.63655,216,-1,Location 5,Qualifying Group 1
1624198530,16.0556,24.6,86,776.465,0,192,-1,Location 5,Free Practice 3
1624198605,16.1111,24.7,86,776.465,0,192,-1,Location 5,Free Practice 3
1624198670,16.1111,24.7,86,776.465,0,192,-1,Location 5,Free Practice 3
1624198735,16.1667,24.6,86,776.465,0,192,-1,Location 5,Free Practice 3
1624198800,16.2222,24.6,85,776.499,0,192,-1,Location 5,Free Practice 3
1624198860,16.2778,24.6,85,776.465,2.12186,192,-1,Location 5,Free Practice 3
1624198925,16.2778,24.6,85,776.499,0,192,-1,Location 5,Free Practice 3
1624198990,16.3333,24.6,85,776.465,0,192,-1,Location 5,Free Practice 3
1624199055,16.4444,24.8,85,776.533,0,192,-1,Location 5,Free Practice 3
1624199115,16.5,25,85,776.499,2.12187,59,-1,Location 5,Free Practice 3
1624199181,166667,25.1,84,776.499,2.12187,55,-1,Location 5,Free Practice 3
1624199246,16.7222,25.3,84,776.499,1.06092,55,-1,Location 5,Free Practice 3
1624199310,16.8333,25.4,83,776.567,2.12187,55,-1,Location 5,Free Practice 3
1624199371,16.8889,25.5,82,776.533,2.12187,55,-1,Location 5,Free Practice 3
1624199436,16.9444,25.9,82,776.533,1.06093,55,-1,Location 5,Free Practice 3
1624199501,17.0556,26,82,776.499,1.06093,55,-1,Location 5,Free Practice 3
1624199566,17.1667,26,82,776.465,1.06093,55,-1,Location 5,Free Practice 3
1624199631,17.2222,26.5,81,776.431,1.06093,55,-1,Location 5,Free Practice 3
1624199691,17.2778,26.6,81,776.364,0,55,-1,Location 5,Free Practice 3
1624199757,17.3889,26.8,81,776.364,2.12186,55,-1,Location 5,Free Practice 3
1624199822,17.4444,27.1,81,776.364,0,355,-1,Location 5,Free Practice 3
1624199887,17.5556,27.2,81,776.431,1.06092,226,-1,Location 5,Free Practice 3
1624199951,17.6111,27.4,81,776.397,2.12186,351,-1,Location 5,Free Practice 3
1624200012,17.6667,27.6,80,776.431,0,351,-1,Location 5,Free Practice 3
1624200077,17.6667,27.7,81,776.431,0,351,-1,Location 5,Free Practice 3
1624200142,17.7778,27.7,81,776.465,1.06093,355,-1,Location 5,Free Practice 3
1624200202,17.8333,28.1,81,776.465,1.06094,355,-1,Location 5,Free Practice 3
1624200267,17.8889,28.1,81,776.499,0,355,-1,Location 5,Free Practice 3
1624200332,17.9444,28.1,80,776.499,0,355,-1,Location 5,Free Practice 3
1624200397,18,28.4,80,776.533,1.06093,355,-1,Location 5,Free Practice 3
1624200457,18.0556,28.4,80,776.499,1.06093,355,-1,Location 5,Free Practice 3
1624200523,18.0556,28.4,80,776.634,0,355,-1,Location 5,Free Practice 3
1624200588,18.1111,28.6,80,776.601,0,355,-1,Location 5,Free Practice 3
1624200653,18.1667,28.8,79,776.601,0,355,-1,Location 5,Free Practice 3
1624200713,18.2222,29,79,776.634,0,355,-1,Location 5,Free Practice 3
1624200778,18.2222,29.3,79,776.634,0,355,-1,Location 5,Free Practice 3
1624200843,18.2778,29.5,78,776.668,0,355,-1,Location 5,Free Practice 3
1624200908,18.2778,29.6,78,776.634,0,355,-1,Location 5,Free Practice 3
1624200973,18.2778,29.9,79,776.702,1.06092,355,-1,Location 5,Free Practice 3
1624201033,18.3333,30.1,79,776.702,2.12186,355,-1,Location 5,Free Practice 3
1624201099,18.3333,30.1,79,776.702,1.06093,355,-1,Location 5,Free Practice 3
1624201164,18.3889,30.6,79,776.702,1.06093,11,-1,Location 5,Free Practice 3
1624208926,20.6667,45.7,70,776.634,5.30467,241,-1,Location 5,Qualifying Group 2
1624208991,20.6667,45.8,70,776.668,5.30467,238,-1,Location 5,Qualifying Group 2
1624209056,20.6667,45.1,70,776.634,4.24374,234,-1,Location 5,Qualifying Group 2
1624209887,21.2222,48.1,68,776.634,4.24374,215,-1,Location 5,Qualifying Group 4
1624209952,21.2778,48.1,68,776.634,5.30466,227,-1,Location 5,Qualifying Group 4
1624210012,21.3333,47.7,68,776.668,1.16702,232,-1,Location 5,Qualifying Group 4
1624210077,21.3333,47.8,68,776.634,9.54841,230,-1,Location 5,Qualifying Group 4
1624209376,20.8333,44.2,70,776.601,9.54841,222,-1,Location 5,Qualifying Group 3
1624209441,20.8333,45.3,70,776.567,6.63655,238,-1,Location 5,Qualifying Group 3
1624209501,20.8333,45.3,70,776.601,9.54840,236,-1,Location 5,Qualifying Group 3
1624209567,20.8333,46.2,69,776.601,8.48746,217,-1,Location 5,Qualifying Group 3
1626010250,22,25,87,1016.46,0.4444,269,-1,Location 6,Qualifying Group 1
1626010310,22,25,87,1016.46,0.4444,222,-1,Location 6,Qualifying Group 1
1626010370,22,25,87,1016.46,0.5666,254,-1,Location 6,Qualifying Group 1
1626010430,22,25,87,1016.46,0,210,-1,Location 6,Qualifying Group 1
1626010730,22,25,87,1016.46,1.1666,210,-1,Location 6,Qualifying Group 2
1626010790,22,25,87,1016.53,2,220,-1,Location 6,Qualifying Group 2
1626010850,22,25,87,1016.46,1.1111,224,-1,Location 6,Qualifying Group 2
1626010910,22,25,87,1016.53,1.1145,145,-1,Location 6,Qualifying Group 2
1626011650,22.9444,25.1,87,1016.63,31.1827,218,-1,Location 6,Qualifying Group 4
1626011715,22.9444,25.1,86,1016.63,2.12186,202,-1,Location 6,Qualifying Group 4
1626011781,22.9444,25.2,86,1016.73,0,222,-1,Location 6,Qualifying Group 4
1626011845,23,25.2,86,1016.7,1.06092,235,-1,Location 6,Qualifying Group 4
1626011330,22.9444,25.2,86,1016.66,2.12187,211,-1,Location 6,Qualifying Group 3
1626011395,22.9444,25.2,87,1016.56,2.12187,161,-1,Location 6,Qualifying Group 3
1618124458,12.3889,11.6,77,1012.8,3.1828,157,-1,Location 2,Qualifying Group 1
1618124523,12.3889,11.7,77,1012.87,2.12187,141,-1,Location 2,Qualifying Group 1
1618124588,12.4444,11.7,78,1012.77,4.24374,161,-1,Location 2,Qualifying Group 1
1618117217,12.6667,10.7,71,1012.63,4.24374,160,-1,Location 2,Free Practice 3
1618117281,12.6667,10.7,71,1012.67,2.12187,160,-1,Location 2,Free Practice 3
1618117342,12.6667,10.7,71,1012.67,5.30467,183,-1,Location 2,Free Practice 3
1618117407,12.6667,10.6,71,1012.7,4.24374,165,-1,Location 2,Free Practice 3
1618117472,12.6667,10.6,71,1012.77,4.24374,113,-1,Location 2,Free Practice 3
1618117537,12.7222,10.6,71,1012.73,2.12187,175,-1,Location 2,Free Practice 3
1618117597,12.7222,10.6,70,1012.77,2.12187,168,-1,Location 2,Free Practice 3
1618117662,12.7222,10.6,70,1012.73,2.12187,156,-1,Location 2,Free Practice 3
1618117727,12.7778,10.6,70,1012.73,5.30467,164,-1,Location 2,Free Practice 3
1618117793,12.7778,10.6,70,1012.77,4.24374,69,-1,Location 2,Free Practice 3
1618117857,12.7778,10.6,70,1012.8,5.30467,158,-1,Location 2,Free Practice 3
1618117918,12.7778,10.6,70,1012.8,2.12187,174,-1,Location 2,Free Practice 3
1618117983,12.7778,10.6,70,1012.87,4.24374,170,-1,Location 2,Free Practice 3
1618118048,12.7778,10.6,69,1012.87,6.3656,173,-1,Location 2,Free Practice 3
1618118113,12.8333,10.6,69,1012.84,5.30467,163,-1,Location 2,Free Practice 3
1618118178,12.8333,10.5,69,1012.94,6.3656,151,-1,Location 2,Free Practice 3
1618118238,12.8333,10.5,68,1012.9,4.24374,153,-1,Location 2,Free Practice 3
1618118303,12.8333,10.5,68,1012.87,4.24374,160,-1,Location 2,Free Practice 3
1618118368,12.8889,10.5,68,1012.87,2.12187,152,-1,Location 2,Free Practice 3
1618118428,12.8889,10.5,68,1012.84,2.12187,158,-1,Location 2,Free Practice 3
1618118494,12.8889,10.5,68,1012.8,5.30467,174,-1,Location 2,Free Practice 3
1618118559,12.8889,10.5,68,1012.87,1.06093,174,-1,Location 2,Free Practice 3
1618118623,12.8889,10.5,69,1012.9,3.1828,208,-1,Location 2,Free Practice 3
1618118684,12.9444,10.5,68,1012.8,1.06093,190,-1,Location 2,Free Practice 3
1618118749,12.8889,10.5,68,1012.87,5.30467,158,-1,Location 2,Free Practice 3
1618118814,12.8889,10.5,68,1012.8,4.24374,194,-1,Location 2,Free Practice 3
1618118879,12.8889,10.5,67,1012.84,3.1828,148,-1,Location 2,Free Practice 3
1618118939,12.9444,10.4,67,1012.87,4.24374,178,-1,Location 2,Free Practice 3
1618119004,12.9444,10.4,67,1012.9,4.24374,175,-1,Location 2,Free Practice 3
1618119070,12.9444,10.4,66,1012.87,4.24374,169,-1,Location 2,Free Practice 3
1618119135,12.9444,10.3,66,1012.77,2.12187,130,-1,Location 2,Free Practice 3
1618119199,12.9444,10.3,66,1012.84,2.12187,197,-1,Location 2,Free Practice 3
1618119260,12.9444,10.3,66,1012.8,4.24374,150,-1,Location 2,Free Practice 3
1618119330,12.9444,10.3,66,1012.73,4.24374,167,-1,Location 2,Free Practice 3
1618119390,12.9444,10.3,66,1012.8,4.24374,164,-1,Location 2,Free Practice 3
1618119455,12.9444,10.3,66,1012.7,3.1828,175,-1,Location 2,Free Practice 3
1618119515,12.9444,10.3,66,1012.73,2.12187,130,-1,Location 2,Free Practice 3
1618119580,12.9444,10.3,66,1012.63,5.30467,148,-1,Location 2,Free Practice 3
1618119645,12.9444,10.3,66,1012.63,3.1828,119,-1,Location 2,Free Practice 3
1618119710,12.9444,10.3,66,1012.63,2.12187,195,-1,Location 2,Free Practice 3
1618119771,12.9444,10.2,66,1012.67,8.48747,196,-1,Location 2,Free Practice 3
1618119836,12.9444,10.2,66,1012.67,3.1828,56,-1,Location 2,Free Practice 3
1618124908,12.6667,11.7,76,1013,2.12187,163,-1,Location 2,Qualifying Group 2
1618124969,12.7222,11.7,75,1012.94,7.42654,172,-1,Location 2,Qualifying Group 2
1618125034,12.7778,11.7,75,1013,3.1828,146,-1,Location 2,Qualifying Group 2
1618125099,12.8333,11.7,75,1012.94,6.3656,173,-1,Location 2,Qualifying Group 2
1618125862,13.2222,12,74,1012.97,3.1828,126,-1,Location 2,Qualifying Group 4
1618125925,13.2222,12,74,1013,6.3656,165,-1,Location 2,Qualifying Group 4
1618125990,13.2778,12,74,1012.97,1.06093,93,-1,Location 2,Qualifying Group 4
1618126055,13.2778,12,74,1012.87,2.12187,150,-1,Location 2,Qualifying Group 4
1618125419,13.0556,11.7,74,1012.94,3.1828,134,-1,Location 2,Qualifying Group 3
1618125484,13.0556,11.8,75,1012.97,2.12187,173,-1,Location 2,Qualifying Group 3
1618125544,13.1111,11.8,75,1012.9,3.1828,142,-1,Location 2,Qualifying Group 3
1627113789,17.12,17.2,91.75,1007.79,5.01,13,0,Location 7,Free Practice 2
1627113849,17.19,17.2,92.43,1007.97,4.62,72,0,Location 7,Free Practice 2
1627113909,17.32,17.2,92.97,1008.04,4.06,96,0,Location 7,Free Practice 2
1627113969,17.3,17.2,92.25,1007.94,4.56,343,0,Location 7,Free Practice 2
1627114029,17.3,17.3,91.68,1007.85,3.57,1,0,Location 7,Free Practice 2
1627114089,17.4,17.3,91.16,1007.82,3.23,43,0,Location 7,Free Practice 2
1627114149,17.52,17.3,91.76,1007.87,7.88,90,0,Location 7,Free Practice 2
1627114209,17.48,17.3,91.78,1007.9,2.78,53,0,Location 7,Free Practice 2
1627114269,17.4,17.2,91.36,1007.9,5.49,42,0,Location 7,Free Practice 2
1627114329,17.41,17.2,90.92,1007.88,7.35,303,0,Location 7,Free Practice 2
1627114389,17.53,17.2,89.94,1007.85,6.26,6,0,Location 7,Free Practice 2
1627114449,17.46,17.2,90.41,1007.86,8.29,327,0,Location 7,Free Practice 2
1627114509,17.36,17.2,90.77,1007.92,0.72,344,0,Location 7,Free Practice 2
1627114569,17.47,17.2,91.16,1008.03,1.29,295,0,Location 7,Free Practice 2
1627114629,17.68,17.2,90.2,1008.08,10.05,349,0,Location 7,Free Practice 2
1627114689,17.59,17.2,90.04,1008.12,5.48,10,0,Location 7,Free Practice 2
1627114749,17.46,17.1,90.76,1008.08,1.69,100,0,Location 7,Free Practice 2
1627114809,17.49,17.1,90.63,1008.03,22.25,354,0,Location 7,Free Practice 2
1627114869,17.37,17.2,90.53,1008.01,13.78,311,0,Location 7,Free Practice 2
1627114929,17.39,17.1,90.55,1008.01,9.52,26,0,Location 7,Free Practice 2
1627114989,17.38,17.2,90.84,1007.98,2.07,32,0,Location 7,Free Practice 2
1627115049,17.42,17.1,90.62,1007.92,12.21,330,0,Location 7,Free Practice 2
1627115109,17.32,17.1,90.29,1007.89,4.11,334,0,Location 7,Free Practice 2
1627115169,17.27,17.1,90.64,1007.93,16.22,342,0,Location 7,Free Practice 2
1627115229,17.3,17.1,90.94,1007.92,10.02,36,0,Location 7,Free Practice 2
1627115289,17.34,17.1,90.08,1007.9,7.06,11,0,Location 7,Free Practice 2
1627115349,17.31,17.1,90.33,1007.84,3.5,317,0,Location 7,Free Practice 2
1627120813,18.81,17.7,85.29,1008.01,11.34,73,0,Location 7,Qualifying Group 1
1627120873,18.83,17.8,85.37,1008.03,6.34,40,0,Location 7,Qualifying Group 1
1627120933,18.88,17.7,84.91,1008.04,7.25,349,0,Location 7,Qualifying Group 1
1627120993,18.88,17.7,84.91,1008.07,7.08,35,0,Location 7,Qualifying Group 1
1627056042,20.89,24.1,65.81,1014.96,0,68,0,Location 7,Free Practice 1
1627056102,20.8,24.2,65.99,1014.93,21.94,50,0,Location 7,Free Practice 1
1627056162,20.72,24.2,65.73,1014.95,12.43,5,0,Location 7,Free Practice 1
1627056222,20.67,24,65.6,1014.93,21.6,5,0,Location 7,Free Practice 1
1627056282,20.52,23.9,66.14,1014.94,8.04,33,0,Location 7,Free Practice 1
1627056342,20.64,24,65.95,1014.95,0,54,0,Location 7,Free Practice 1
1627056402,20.85,24,65.39,1014.93,21.84,9,0,Location 7,Free Practice 1
1627056462,21,24,65.13,1014.98,22.39,37,0,Location 7,Free Practice 1
1627056522,20.71,24,65.76,1014.95,21.85,36,0,Location 7,Free Practice 1
1627056583,20.62,24,66.25,1014.91,9.77,117,0,Location 7,Free Practice 1
1627056642,20.77,24,67.93,1014.94,0,61,0,Location 7,Free Practice 1
1627056702,20.82,24,67.16,1014.91,8.34,63,0,Location 7,Free Practice 1
1627056763,20.98,24,66.3,1014.89,13.83,45,0,Location 7,Free Practice 1
1627056823,21.03,24,65.53,1014.84,21.24,49,0,Location 7,Free Practice 1
1627056883,20.93,23.9,65.44,1014.85,21.6,36,0,Location 7,Free Practice 1
1627056943,20.97,23.9,65.3,1014.82,10.54,346,0,Location 7,Free Practice 1
1627057003,20.88,23.8,65.41,1014.78,5.73,349,0,Location 7,Free Practice 1
1627057063,20.79,23.8,65.66,1014.79,14.18,44,0,Location 7,Free Practice 1
1627057123,20.59,23.8,65.88,1014.77,14.56,358,0,Location 7,Free Practice 1
1627057183,20.33,23.8,66.54,1014.73,21.6,358,0,Location 7,Free Practice 1
1627057243,20.29,23.7,66.62,1014.73,12.77,328,0,Location 7,Free Practice 1
1627057303,20.24,23.6,66.57,1014.72,8.78,322,0,Location 7,Free Practice 1
1627057363,20.23,23.5,66.7,1014.72,6.1,44,0,Location 7,Free Practice 1
1627057423,20.51,23.5,65.99,1014.71,10.78,64,0,Location 7,Free Practice 1
1627057483,20.84,23.5,65.39,1014.73,14.01,84,0,Location 7,Free Practice 1
1627057543,20.81,23.7,66.82,1014.7,11.76,96,0,Location 7,Free Practice 1
1627057603,20.57,23.7,69.48,1014.64,11,50,0,Location 7,Free Practice 1
1627057663,20.59,23.7,67.2,1014.68,6.88,49,0,Location 7,Free Practice 1
1627057723,20.64,23.7,66.6,1014.67,13.26,60,0,Location 7,Free Practice 1
1627057783,20.38,23.7,67.44,1014.64,15.47,68,0,Location 7,Free Practice 1
1627057843,20.26,23.7,68.07,1014.62,8.4,73,0,Location 7,Free Practice 1
1627057903,20.32,23.7,68.07,1014.6,12.74,44,0,Location 7,Free Practice 1
1627057963,20.64,23.7,66.47,1014.61,14.9,75,0,Location 7,Free Practice 1
1627058023,20.51,23.6,67.53,1014.58,13.02,117,0,Location 7,Free Practice 1
1627058083,20.45,23.6,66.93,1014.62,22.4,353,0,Location 7,Free Practice 1
1627058143,20.31,23.5,67.04,1014.57,18.48,352,0,Location 7,Free Practice 1
1627058203,20.31,23.4,66.7,1014.55,21.6,9,0,Location 7,Free Practice 1
1627058263,20.28,23.3,66.81,1014.57,4.14,17,0,Location 7,Free Practice 1
1627058323,20.24,23.2,66.75,1014.54,15.22,10,0,Location 7,Free Practice 1
1627058383,20.08,23.2,67.44,1014.53,27.81,66,0,Location 7,Free Practice 1
1627058443,20.03,23.2,68.86,1014.49,11.3,81,0,Location 7,Free Practice 1
1627058503,20.03,23.2,69.46,1014.51,10.65,13,0,Location 7,Free Practice 1
1627058563,20.09,23.2,67.58,1014.51,15.5,13,0,Location 7,Free Practice 1
1627058623,19.98,23.1,67.67,1014.49,15.08,22,0,Location 7,Free Practice 1
1627058683,19.99,23,67.67,1014.51,21.6,60,0,Location 7,Free Practice 1
1627121293,18.82,17.6,85.08,1008.09,9.73,313,0,Location 7,Qualifying Group 2
1627121353,18.98,17.6,85.08,1008.13,1.23,353,0,Location 7,Qualifying Group 2
1627121413,18.98,17.6,84.91,1008.13,5.74,47,0,Location 7,Qualifying Group 2
1627121473,19.01,17.6,85.44,1008.15,2.2,321,0,Location 7,Qualifying Group 2
1627122913,18.65,17.8,85.53,1007.98,14.13,34,0,Location 7,Qualifying Group 4
1627122973,18.7,17.8,85.44,1007.99,9.2,337,0,Location 7,Qualifying Group 4
1627123033,18.77,17.9,85.3,1008,0,346,0,Location 7,Qualifying Group 4
1627123093,18.73,17.8,85.57,1007.99,8.23,34,0,Location 7,Qualifying Group 4
1627121773,18.95,17.6,84.35,1008.16,18.21,335,0,Location 7,Qualifying Group 3
1627121833,18.8,17.6,84.81,1008.16,2.19,36,0,Location 7,Qualifying Group 3
1627121893,18.75,17.6,84.51,1008.14,4.11,30,0,Location 7,Qualifying Group 3
1627121953,18.83,17.6,84.46,1008.16,9.76,77,0,Location 7,Qualifying Group 3
1627122013,18.87,17.6,85.05,1008.15,9.7,10,0,Location 7,Qualifying Group 3
1627122073,18.98,17.6,84.31,1008.15,8.92,313,0,Location 7,Qualifying Group 3
1627122193,18.73,17.6,84.89,1008.11,5.04,356,0,Location 7,Qualifying Group 3
1627122313,18.76,17.6,85.89,1008.09,5.66,357,0,Location 7,Qualifying Group 3
1627122373,18.71,17.6,85.69,1008.08,10.99,3,0,Location 7,Qualifying Group 3
1627122433,18.68,17.6,85.76,1008.05,10.6,340,0,Location 7,Qualifying Group 3
1627122493,18.66,17.6,85.83,1008.02,9.47,333,0,Location 7,Qualifying Group 3
1627122553,18.64,17.6,85.4,1008.01,8.15,340,0,Location 7,Qualifying Group 3
1627122613,18.61,17.7,85.7,1007.99,10.16,335,0,Location 7,Qualifying Group 3
1627122673,18.61,17.7,85.73,1007.99,7.59,26,0,Location 7,Qualifying Group 3
1620461765,18.8889,21.4,72,1015.58,1.06093,159,-1,Location 4,Free Practice 2
1620461830,18.7778,21.3,73,1015.58,3.1828,144,-1,Location 4,Free Practice 2
1620461890,18.6667,21.3,73,1015.58,9.54841,146,-1,Location 4,Free Practice 2
1620461955,18.6667,21.2,73,1015.65,3.1828,154,-1,Location 4,Free Practice 2
1620462020,18.7222,21.1,73,1015.58,5.30467,144,-1,Location 4,Free Practice 2
1620462085,18.7778,21.1,73,1015.58,4.24374,151,-1,Location 4,Free Practice 2
1620462145,18.7778,21,73,1015.68,3.1828,144,-1,Location 4,Free Practice 2
1620462211,18.8889,21,73,1015.68,4.24374,164,-1,Location 4,Free Practice 2
1620462276,18.9444,21,73,1015.65,5.30467,163,-1,Location 4,Free Practice 2
1620462340,19,20.9,73,1015.48,6.3656,148,-1,Location 4,Free Practice 2
1620462401,19,20.9,73,1015.61,3.1828,152,-1,Location 4,Free Practice 2
1620462466,19.1111,20.9,72,1015.58,3.1828,154,-1,Location 4,Free Practice 2
1620462531,19.2222,20.9,72,1015.71,6.3656,150,-1,Location 4,Free Practice 2
1620462596,19.3333,20.9,72,1015.71,2.12187,149,-1,Location 4,Free Practice 2
1620462656,19.4444,20.9,71,1015.75,4.24374,145,-1,Location 4,Free Practice 2
1620462721,19.5556,20.9,71,1015.71,8.48747,148,-1,Location 4,Free Practice 2
1620462786,19.6667,20.9,71,1015.78,2.12187,144,-1,Location 4,Free Practice 2
1620462851,19.7222,20.9,70,1015.78,5.30467,153,-1,Location 4,Free Practice 2
1620462912,19.7778,21,70,1015.85,4.24374,160,-1,Location 4,Free Practice 2
1620462977,19.7778,20.9,70,1015.82,2.12187,159,-1,Location 4,Free Practice 2
1620463042,19.7222,20.9,69,1015.82,5.30467,156,-1,Location 4,Free Practice 2
1620463107,19.7222,20.9,70,1015.68,0,156,-1,Location 4,Free Practice 2
1620463172,19.7778,20.9,70,1015.71,2.12187,156,-1,Location 4,Free Practice 2
1620463232,19.7778,20.9,70,1015.71,1.06093,156,-1,Location 4,Free Practice 2
1620463297,19.7778,20.9,69,1015.61,1.06093,155,-1,Location 4,Free Practice 2
1620463362,19.7778,20.9,68,1015.65,2.12187,157,-1,Location 4,Free Practice 2
1620463427,19.7778,20.9,68,1015.65,4.24374,168,-1,Location 4,Free Practice 2
1620463487,19.7222,21,68,1015.75,3.1828,205,-1,Location 4,Free Practice 2
1620468040,20.5556,32.4,64,1016.42,1.06093,205,-1,Location 4,Qualifying Group 1
1620468104,20.5,32.6,64,1016.42,1.06093,205,-1,Location 4,Qualifying Group 1
1620468165,20.4444,32.6,64,1016.46,2.12187,205,-1,Location 4,Qualifying Group 1
1620468230,20.4444,32.7,64,1016.46,0,199,-1,Location 4,Qualifying Group 1
1620453637,16.6111,16.4,78,1014.33,0,184,-1,Location 4,Free Practice 1
1620453702,16.6667,16.5,78,1014.33,0,184,-1,Location 4,Free Practice 1
1620453762,16.7222,16.5,77,1014.33,5.30467,169,-1,Location 4,Free Practice 1
1620453828,16.7778,16.5,76,1014.36,2.12187,150,-1,Location 4,Free Practice 1
1620453893,16.8333,16.6,76,1014.36,1.06093,151,-1,Location 4,Free Practice 1
1620453957,16.8889,16.6,75,1014.29,2.12187,161,-1,Location 4,Free Practice 1
1620454018,17,16.7,75,1014.33,5.30467,168,-1,Location 4,Free Practice 1
1620454083,17.0556,16.7,75,1014.36,3.1828,157,-1,Location 4,Free Practice 1
1620454158,17.2222,16.8,74,1014.33,4.24374,150,-1,Location 4,Free Practice 1
1620454223,17.2778,16.9,74,1014.36,4.24374,170,-1,Location 4,Free Practice 1
1620454288,17.3889,17,73,1014.36,2.12187,165,-1,Location 4,Free Practice 1
1620454348,17.4444,17,73,1014.33,5.30467,160,-1,Location 4,Free Practice 1
1620454414,17.5,17.1,72,1014.22,3.1828,156,-1,Location 4,Free Practice 1
1620454479,17.6111,17.3,72,1014.22,2.12187,178,-1,Location 4,Free Practice 1
1620454543,17.6111,17.4,72,1014.19,3.1828,173,-1,Location 4,Free Practice 1
1620454604,17.6667,17.7,72,1014.26,1.06093,171,-1,Location 4,Free Practice 1
1620454669,17.6667,17.8,72,1014.22,1.06093,141,-1,Location 4,Free Practice 1
1620454734,17.7222,18,71,1014.22,3.1828,148,-1,Location 4,Free Practice 1
1620454799,17.7222,18.1,71,1014.33,1.06093,140,-1,Location 4,Free Practice 1
1620454859,17.7778,18.2,71,1014.33,2.12187,142,-1,Location 4,Free Practice 1
1620454924,17.7778,18.4,71,1014.36,1.06093,144,-1,Location 4,Free Practice 1
1620454989,17.7778,18.6,71,1014.36,1.06093,137,-1,Location 4,Free Practice 1
1620455054,17.8333,18.7,70,1014.43,0,148,-1,Location 4,Free Practice 1
1620455115,17.8333,19,70,1014.49,0,149,-1,Location 4,Free Practice 1
1620455180,17.8889,19.1,70,1014.49,0,149,-1,Location 4,Free Practice 1
1620455245,17.9444,19.3,70,1014.49,0,149,-1,Location 4,Free Practice 1
1620455309,17.9444,19.4,70,1014.49,0,149,-1,Location 4,Free Practice 1
1620455370,18,19.5,70,1014.56,0,149,-1,Location 4,Free Practice 1
1620455435,18.0556,19.7,70,1014.49,0,149,-1,Location 4,Free Practice 1
1620455500,18.0556,19.8,70,1014.56,0,149,-1,Location 4,Free Practice 1
1620455565,18.0556,20,70,1014.56,0,149,-1,Location 4,Free Practice 1
1620455630,18.1111,20,70,1014.63,0,149,-1,Location 4,Free Practice 1
1620455690,18.1111,20,70,1014.6,2.12187,178,-1,Location 4,Free Practice 1
1620455756,18.1667,20,70,1014.63,3.1828,151,-1,Location 4,Free Practice 1
1620455821,18.1667,20,70,1014.66,4.24374,152,-1,Location 4,Free Practice 1
1620455885,18.1667,20.1,70,1014.66,1.06093,167,-1,Location 4,Free Practice 1
1620455946,18.1667,20.1,70,1014.66,4.24374,180,-1,Location 4,Free Practice 1
1620456011,18.1667,20.1,70,1014.73,2.12187,179,-1,Location 4,Free Practice 1
1620456076,18.1667,20.2,71,1014.77,2.12187,153,-1,Location 4,Free Practice 1
1620456141,18.1667,20.2,71,1014.7,6.3656,155,-1,Location 4,Free Practice 1
1620456201,18.1667,20.2,71,1014.73,4.24374,159,-1,Location 4,Free Practice 1
1620456266,18.1667,20.2,71,1014.7,3.1828,180,-1,Location 4,Free Practice 1
1620468485,20.3889,33.2,65,1016.49,2.12187,5,-1,Location 4,Qualifying Group 2
1620468550,20.3889,33.2,65,1016.59,2.12187,5,-1,Location 4,Qualifying Group 2
1620468615,20.3889,33.5,65,1016.59,1.06093,5,-1,Location 4,Qualifying Group 2
1620468675,20.3889,33.6,65,1016.59,1.06093,236,-1,Location 4,Qualifying Group 2
1620469446,20.1667,34.8,67,1016.8,1.06093,205,-1,Location 4,Qualifying Group 4
1620469507,20.0556,34.8,68,1016.8,6.3656,166,-1,Location 4,Qualifying Group 4
1620469587,19.8333,35,68,1016.86,5.30467,171,-1,Location 4,Qualifying Group 4
1620469647,19.5556,34.9,67,1016.83,5.30467,171,-1,Location 4,Qualifying Group 4
1620469712,19.3333,35,69,1016.76,1.06093,227,-1,Location 4,Qualifying Group 4
1620469772,19.1667,35.1,70,1016.86,0,223,-1,Location 4,Qualifying Group 4
1620469837,19.1111,35.1,71,1016.86,0,223,-1,Location 4,Qualifying Group 4
1620469902,19.1111,35.3,71,1016.86,1.06093,11,-1,Location 4,Qualifying Group 4
1620469968,19.1667,35.4,71,1016.86,1.06093,12,-1,Location 4,Qualifying Group 4
1620470032,19.2222,35.5,70,1016.9,1.06093,273,-1,Location 4,Qualifying Group 4
1620470093,19.2222,35.6,70,1016.86,1.06093,273,-1,Location 4,Qualifying Group 4
1620470158,19.2222,35.7,70,1016.9,0,273,-1,Location 4,Qualifying Group 4
1620468996,20.5556,34.1,65,1016.63,0,76,-1,Location 4,Qualifying Group 3
1620469061,20.6111,34.2,65,1016.73,0,76,-1,Location 4,Qualifying Group 3
1620469126,20.6111,34.4,65,1016.73,0,81,-1,Location 4,Qualifying Group 3
1620469191,20.6667,34.5,66,1016.83,4.24374,143,-1,Location 4,Qualifying Group 3
1624115747,18.1667,30.2,80,775.585,2.12186,242,-1,Location 5,Free Practice 2
1624115807,18.1667,30.6,79,775.551,1.06092,171,-1,Location 5,Free Practice 2
1624115872,18.2222,30.6,79,775.483,31.1827,38,-1,Location 5,Free Practice 2
1624115938,18.2778,30.8,79,775.517,2.12186,190,-1,Location 5,Free Practice 2
1624116002,18.3333,31.2,79,775.551,4.24373,100,-1,Location 5,Free Practice 2
1624116063,18.3889,31.4,78,775.551,31.1827,250,-1,Location 5,Free Practice 2
1624116128,18.4444,31.4,78,775.551,1.06092,248,-1,Location 5,Free Practice 2
1624116193,18.4444,31.8,77,775.585,5.30466,229,-1,Location 5,Free Practice 2
1624116258,18.4444,32.1,76,775.551,1.06092,213,-1,Location 5,Free Practice 2
1624116318,18.4444,32.2,77,775.551,4.24373,237,-1,Location 5,Free Practice 2
1624116383,18.4444,32.6,78,775.551,2.12187,321,-1,Location 5,Free Practice 2
1624116448,18.5,32.8,78,775.551,2.12187,314,-1,Location 5,Free Practice 2
1624116514,18.5556,33.1,77,775.619,4.24374,267,-1,Location 5,Free Practice 2
1624116578,18.6111,33.5,78,7.75.652,4.24374,236,-1,Location 5,Free Practice 2
1624116639,18.6667,33.5,77,775.72,31.1827,134,-1,Location 5,Free Practice 2
1624116704,18.7222,33.7,76,7.75.652,2.12187,132,-1,Location 5,Free Practice 2
1624116769,18.7778,33.8,76,7.75.652,2.12187,186,-1,Location 5,Free Practice 2
1624116834,18.7778,34.1,76,7.75.652,2.12187,83,-1,Location 5,Free Practice 2
1624116894,18.7778,34.3,76,775.686,2.12187,116,-1,Location 5,Free Practice 2
1624116959,18.7778,33.8,76,775.686,2.12187,122,-1,Location 5,Free Practice 2
1624117024,18.7778,33.3,76,775.686,5.30466,236,-1,Location 5,Free Practice 2
1624117089,18.7778,32.8,77,775.754,2.12186,196,-1,Location 5,Free Practice 2
1624117149,18.7222,32.3,77,775.754,1.06092,88,-1,Location 5,Free Practice 2
1624117215,18.6667,32.5,77,775.754,0,82,-1,Location 5,Free Practice 2
1624117280,18.6667,32.6,77,775.652,31.1827,244,-1,Location 5,Free Practice 2
1624117344,18.6667,32.2,77,775.788,1.06092,227,-1,Location 5,Free Practice 2
1624117405,18.6667,32.2,77,775.788,2.12186,232,-1,Location 5,Free Practice 2
1624117470,18.6111,31.8,78,775.754,31.1827,157,-1,Location 5,Free Practice 2
1624122017,19.9444,39.5,72,775.652,5.30467,232,-1,Location 5,Qualifying Group 1
1624122077,19.8889,39.6,72,775.585,5.30467,209,-1,Location 5,Qualifying Group 1
1624122142,19.8333,39.4,72,775.619,1.06093,175,-1,Location 5,Qualifying Group 1
1624122207,19.7222,39.1,72,775.551,1.06093,175,-1,Location 5,Qualifying Group 1
1624107619,13.8889,16.2,95,774.636,0,97,-1,Location 5,Free Practice 1
1624107680,13.8889,16.3,95,774.569,0,95,-1,Location 5,Free Practice 1
1624107745,13.9444,16.3,95,774.603,0,91,-1,Location 5,Free Practice 1
1624107810,13.9444,16.2,95,774.535,0,91,-1,Location 5,Free Practice 1
1624107875,13.9444,16.1,95,774.535,0,82,-1,Location 5,Free Practice 1
1624107935,13.9444,16,94,774.467,0,82,-1,Location 5,Free Practice 1
1624108000,13.9444,16.2,94,774.603,0,82,-1,Location 5,Free Practice 1
1624108065,14,16.2,94,774.67,0,82,-1,Location 5,Free Practice 1
1624108131,14.0556,16.3,94,774.67,0,82,-1,Location 5,Free Practice 1
1624108195,14.0556,16.3,94,774.602,0,82,-1,Location 5,Free Practice 1
1624108256,14.0556,16.3,94,774.67,0,82,-1,Location 5,Free Practice 1
1624108321,14.0556,16.4,94,774.635,0,79,-1,Location 5,Free Practice 1
1624108386,14.1111,16.5,94,774.67,0,79,-1,Location 5,Free Practice 1
1624108451,14.1667,16.5,94,774.636,0,79,-1,Location 5,Free Practice 1
1624108511,14.1667,16.6,94,774.704,0,79,-1,Location 5,Free Practice 1
1624108576,14.2222,16.7,94,774.704,0,79,-1,Location 5,Free Practice 1
1624108641,14.2222,16.8,93,774.704,0,79,-1,Location 5,Free Practice 1
1624108706,14.2222,17,93,774.67,31.1828,79,-1,Location 5,Free Practice 1
1624108766,14.2222,17,93,774.67,31.1828,79,-1,Location 5,Free Practice 1
1624108832,14.2778,17.1,93,774.772,1.06092,79,-1,Location 5,Free Practice 1
1624108897,14.2778,17.2,93,774.738,31.1828,76,-1,Location 5,Free Practice 1
1624108961,14.2778,17.2,93,774.738,31.1828,76,-1,Location 5,Free Practice 1
1624109022,14.3333,17.2,93,774.772,2.12187,76,-1,Location 5,Free Practice 1
1624109087,14.3333,17.4,93,774.738,2.12187,62,-1,Location 5,Free Practice 1
1624109152,14.3333,17.4,92,774.806,1.06092,62,-1,Location 5,Free Practice 1
1624109217,14.3889,17.5,92,774.907,0,62,-1,Location 5,Free Practice 1
1624109277,14.3889,17.5,92,774.806,1.06092,62,-1,Location 5,Free Practice 1
1624109342,14.4444,17.5,92,774.874,2.12186,62,-1,Location 5,Free Practice 1
1624109408,14.5,17.5,92,774.874,0,62,-1,Location 5,Free Practice 1
1624109473,14.5,17.5,92,774.975,1.06092,62,-1,Location 5,Free Practice 1
1624109537,14.5556,17.6,92,774.941,0,62,-1,Location 5,Free Practice 1
1624109598,14.5556,17.7,92,774.941,2.12187,62,-1,Location 5,Free Practice 1
1624109663,14.6111,17.7,92,774.874,2.12187,62,-1,Location 5,Free Practice 1
1624109728,14.5556,17.7,91,774.907,0,62,-1,Location 5,Free Practice 1
1624109793,14.6111,17.8,91,774.941,0,62,-1,Location 5,Free Practice 1
1624109853,14.6667,17.9,91,774.941,0,62,-1,Location 5,Free Practice 1
1624109918,14.6667,18,91,774.941,0,62,-1,Location 5,Free Practice 1
1624109983,14.6667,18,91,774.907,0,62,-1,Location 5,Free Practice 1
1624110048,14.7222,18.1,91,774.941,1.06092,62,-1,Location 5,Free Practice 1
1624110109,14.7222,18.1,91,774.975,0,62,-1,Location 5,Free Practice 1
1624110174,14.7778,17.9,92,775.008,0,62,-1,Location 5,Free Practice 1
1624110239,14.8333,17.9,91,774.940,0,62,-1,Location 5,Free Practice 1
1624110303,14.8333,17.8,91,775.009,0,62,-1,Location 5,Free Practice 1
1624110374,14.8333,17.8,91,775.077,0,62,-1,Location 5,Free Practice 1
1624110439,14.8889,17.8,91,775.009,0,62,-1,Location 5,Free Practice 1
1624110504,14.9444,17.8,91,775.043,2.12187,62,-1,Location 5,Free Practice 1
1624110569,14.9444,17.7,91,775.111,2.12187,62,-1,Location 5,Free Practice 1
1624110634,15,17.8,90,775.111,1.06092,62,-1,Location 5,Free Practice 1
1624110694,15,17.8,91,775.111,31.1827,110,-1,Location 5,Free Practice 1
1624110760,15.0556,17.7,90,775.144,1.06092,102,-1,Location 5,Free Practice 1
1624110825,15.1111,17.7,91,775.178,4.24373,92,-1,Location 5,Free Practice 1
1624110889,15.1111,17.7,90,775.246,2.12186,79,-1,Location 5,Free Practice 1
1624110950,15.1667,17.7,90,775.212,1.06092,89,-1,Location 5,Free Practice 1
1624111015,15.2222,17.7,90,775.246,31.1828,96,-1,Location 5,Free Practice 1
1624111080,15.2222,17.7,90,775.314,31.1828,86,-1,Location 5,Free Practice 1
1624111145,15.2222,17.7,89,775.28,2.12186,107,-1,Location 5,Free Practice 1
1624122532,19.8889,38.7,72,775.551,5.30466,211,-1,Location 5,Qualifying Group 2
1624122593,19.9444,38.5,72,775.551,31.1827,246,-1,Location 5,Qualifying Group 2
1624122658,19.9444,38.4,72,775.483,5.30466,237,-1,Location 5,Qualifying Group 2
1624123504,20,42.9,71,775.314,31.1827,190,-1,Location 5,Qualifying Group 4
1624123564,20.1110,43.8,72,775.314,7.42653,273,-1,Location 5,Qualifying Group 4
1624123630,20.2778,44.1,72,775.314,6.63656,206,-1,Location 5,Qualifying Group 4
1624122978,19.7778,39,73,775.551,6.63656,230,-1,Location 5,Qualifying Group 3
1624123043,19.7222,39.7,72,775.449,4.24374,223,-1,Location 5,Qualifying Group 3
1624123104,19.6667,40.4,72,775.415,4.24374,233,-1,Location 5,Qualifying Group 3
1624123169,19.6667,40.6,73,775.314,5.30466,205,-1,Location 5,Qualifying Group 3
1619248532,13.3889,14.5,81,998.612,1.06093,61,-1,Location 3,Free Practice 2
1619248592,13.3889,14.5,81,998.612,1.06093,61,-1,Location 3,Free Practice 2
1619248657,13.4444,14.5,81,998.578,0,61,-1,Location 3,Free Practice 2
1619248722,13.4444,14.5,81,998.544,0,46,-1,Location 3,Free Practice 2
1619248787,13.4444,14.5,81,998.578,1.06093,319,-1,Location 3,Free Practice 2
1619248847,13.4444,14.6,81,998.578,2.12187,319,-1,Location 3,Free Practice 2
1619248913,13.5,14.6,81,998.443,1.06093,319,-1,Location 3,Free Practice 2
1619248978,13.5,14.6,81,998.511,2.12187,298,-1,Location 3,Free Practice 2
1619249042,13.5,14.6,81,998.544,2.12187,298,-1,Location 3,Free Practice 2
1619249103,13.5556,14.7,81,998.511,0,298,-1,Location 3,Free Practice 2
1619249168,13.5556,14.7,80,998.511,1.06093,298,-1,Location 3,Free Practice 2
1619249233,13.6111,14.7,80,998.544,0,298,-1,Location 3,Free Practice 2
1619249298,13.6111,14.7,80,998.612,0,298,-1,Location 3,Free Practice 2
1619249358,13.6111,14.8,80,998.612,0,336,-1,Location 3,Free Practice 2
1619249423,13.6111,14.8,80,998.578,0,336,-1,Location 3,Free Practice 2
1619249489,13.6667,14.8,80,998.544,1.06093,336,-1,Location 3,Free Practice 2
1619249554,13.6667,14.8,81,998.578,0,336,-1,Location 3,Free Practice 2
1619249618,13.6667,14.8,81,998.544,2.12187,336,-1,Location 3,Free Practice 2
1619249679,13.6667,14.8,80,998.511,1.06093,336,-1,Location 3,Free Practice 2
1619249744,13.6667,14.9,80,998.544,1.06093,340,-1,Location 3,Free Practice 2
1619249809,13.7222,14.9,80,998.409,2.12187,16,-1,Location 3,Free Practice 2
1619249874,13.6667,14.9,80,998.443,1.06093,19,-1,Location 3,Free Practice 2
1619249935,13.6667,15,80,998.409,2.12187,19,-1,Location 3,Free Practice 2
1619249999,13.6667,15,80,998.443,1.06093,20,-1,Location 3,Free Practice 2
1619250064,13.6667,15.1,80,998.409,2.12187,39,-1,Location 3,Free Practice 2
1619250129,13.6667,15.1,80,998.375,1.06093,39,-1,Location 3,Free Practice 2
1619250190,13.6667,15.1,80,998.443,0,44,-1,Location 3,Free Practice 2
1619250255,13.6667,15.2,80,998.375,2.12187,5,-1,Location 3,Free Practice 2
1619254802,14.4444,15.5,79,998.172,0,28,-1,Location 3,Qualifying Group 1
1619254867,14.3889,15.5,79,998.07,0,28,-1,Location 3,Qualifying Group 1
1619254932,14.3889,15.5,79,998.138,0,28,-1,Location 3,Qualifying Group 1
1619254997,14.3889,15.5,79,998.104,0,28,-1,Location 3,Qualifying Group 1
1619241616,12.7222,14.2,86,997.563,0,34,-1,Location 3,Free Practice 1
1619241682,12.7222,14.2,86,997.664,0,34,-1,Location 3,Free Practice 1
1619241746,12.7222,14.2,86,997.63,0,34,-1,Location 3,Free Practice 1
1619241807,12.7222,14.2,86,997.698,2.12187,26,-1,Location 3,Free Practice 1
1619241872,12.7778,14.2,86,997.664,1.06093,26,-1,Location 3,Free Practice 1
1619241937,12.7778,14.2,86,997.732,0,19,-1,Location 3,Free Practice 1
1619242002,12.7778,14.2,86,997.732,0,5,-1,Location 3,Free Practice 1
1619242062,12.7778,14.2,86,997.833,0,5,-1,Location 3,Free Practice 1
1619242127,12.8333,14.2,86,997.867,1.06093,5,-1,Location 3,Free Practice 1
1619242192,12.8333,14.2,86,997.833,0,5,-1,Location 3,Free Practice 1
1619242257,12.8333,14.2,86,997.901,1.06093,5,-1,Location 3,Free Practice 1
1619242317,12.8889,14.2,86,997.935,0,5,-1,Location 3,Free Practice 1
1619242383,12.8889,14.2,86,998.003,2.12187,5,-1,Location 3,Free Practice 1
1619242448,12.9444,14.2,86,998.037,0,5,-1,Location 3,Free Practice 1
1619242512,12.9444,14.2,86,998.003,1.06093,355,-1,Location 3,Free Practice 1
1619242573,12.9444,14.2,85,998.138,0,355,-1,Location 3,Free Practice 1
1619242638,12.9444,14.2,85,998.037,0,355,-1,Location 3,Free Practice 1
1619242703,13,14.2,85,998.07,1.06093,355,-1,Location 3,Free Practice 1
1619242768,13,14.2,85,998.037,1.06093,355,-1,Location 3,Free Practice 1
1619242833,13,14.2,85,998.172,1.06093,355,-1,Location 3,Free Practice 1
1619242893,13,14.2,85,998.07,0,355,-1,Location 3,Free Practice 1
1619242958,13,14.2,84,998.172,0,355,-1,Location 3,Free Practice 1
1619243024,13,14.2,84,998.138,0,355,-1,Location 3,Free Practice 1
1619243088,13,14.2,84,998.104,0,355,-1,Location 3,Free Practice 1
1619243149,13,14.2,84,998.037,0,355,-1,Location 3,Free Practice 1
1619243214,13,14.2,84,998.104,1.06093,355,-1,Location 3,Free Practice 1
1619243279,13,14.2,84,998.104,1.06093,9,-1,Location 3,Free Practice 1
1619243344,13,14.3,83,998.104,0,5,-1,Location 3,Free Practice 1
1619243404,13.0556,14.3,83,998.104,2.12187,34,-1,Location 3,Free Practice 1
1619243469,13.0556,14.2,83,998.138,0,34,-1,Location 3,Free Practice 1
1619243534,13.0556,14.3,82,998.104,1.06093,347,-1,Location 3,Free Practice 1
1619243599,13.0556,14.2,82,998.104,1.06093,347,-1,Location 3,Free Practice 1
1619243659,13.0556,14.3,82,998.104,1.06093,48,-1,Location 3,Free Practice 1
1619243725,13.1111,14.3,83,998.104,1.06093,41,-1,Location 3,Free Practice 1
1619243790,13.1111,14.3,82,998.172,1.06093,41,-1,Location 3,Free Practice 1
1619243855,13.1111,14.3,82,998.172,1.06093,41,-1,Location 3,Free Practice 1
1619243930,13.1111,14.3,82,998.24,0,41,-1,Location 3,Free Practice 1
1619243990,13.1111,14.3,82,998.24,1.06093,41,-1,Location 3,Free Practice 1
1619244055,13.1111,14.3,82,998.274,1.06093,41,-1,Location 3,Free Practice 1
1619244120,13.1667,14.3,82,998.307,3.1828,31,-1,Location 3,Free Practice 1
1619244185,13.1667,14.3,82,998.409,1.06093,355,-1,Location 3,Free Practice 1
1619244245,13.1667,14.3,82,998.443,2.12187,337,-1,Location 3,Free Practice 1
1619255317,14.3889,15.5,79,998.138,2.12187,28,-1,Location 3,Qualifying Group 2
1619255388,14.3889,15.5,79,998.104,1.06093,28,-1,Location 3,Qualifying Group 2
1619255453,14.3889,15.4,79,998.138,2.12187,30,-1,Location 3,Qualifying Group 2
1619255518,14.3889,15.4,79,998.138,1.06093,30,-1,Location 3,Qualifying Group 2
1619256284,14.5556,15.5,78,998.138,3.1828,31,-1,Location 3,Qualifying Group 4
1619256349,14.5556,15.5,78,998.206,3.1828,62,-1,Location 3,Qualifying Group 4
1619256414,14.5556,15.5,78,998.172,1.06093,62,-1,Location 3,Qualifying Group 4
1619256474,14.5556,15.5,78,998.172,1.06093,54,-1,Location 3,Qualifying Group 4
1619255773,14.3889,15.5,80,998.24,0,30,-1,Location 3,Qualifying Group 3
1619255838,14.4444,15.5,80,998.24,0,30,-1,Location 3,Qualifying Group 3
1619255903,14.4444,15.5,80,998.206,0,30,-1,Location 3,Qualifying Group 3
1619255963,14.4444,15.5,80,998.274,0,30,-1,Location 3,Qualifying Group 3
1614337244,20.6667,34.4,34,937.386,4.24374,315,-1,Location 1,Free Practice 2
1614337309,20.6667,34.4,33,937.352,1.06093,310,-1,Location 1,Free Practice 2
1614337374,20.6667,34.6,33,937.285,1.06093,293,-1,Location 1,Free Practice 2
1614337439,20.7222,34.7,34,937.285,6.3656,283,-1,Location 1,Free Practice 2
1614337499,20.7222,34.7,34,937.352,9.54841,309,-1,Location 1,Free Practice 2
1614337564,20.7778,34.5,34,937.319,3.1828,267,-1,Location 1,Free Practice 2
1614337629,20.8333,33.8,34,937.285,3.1828,298,-1,Location 1,Free Practice 2
1614337694,20.8889,33.5,34,937.251,4.24374,322,-1,Location 1,Free Practice 2
1614337754,20.9444,33.5,34,937.251,5.30467,252,-1,Location 1,Free Practice 2
1614337819,21,33.7,34,937.217,3.1828,311,-1,Location 1,Free Practice 2
1614337885,21.0556,33.9,34,937.183,3.1828,325,-1,Location 1,Free Practice 2
1614337949,21.0556,34,34,937.217,3.1828,282,-1,Location 1,Free Practice 2
1614338010,20.9444,33.9,34,937.183,3.1828,287,-1,Location 1,Free Practice 2
1614338075,20.8333,33.9,34,937.183,4.24374,277,-1,Location 1,Free Practice 2
1614338140,20.7778,34,35,937.183,5.30467,311,-1,Location 1,Free Practice 2
1614338205,20.7778,34,35,937.251,4.24374,271,-1,Location 1,Free Practice 2
1614338265,20.7222,34,35,937.285,1.06093,274,-1,Location 1,Free Practice 2
1614338330,20.7778,34,35,937.251,5.30467,302,-1,Location 1,Free Practice 2
1614338395,20.7778,34,35,937.285,5.30467,288,-1,Location 1,Free Practice 2
1614338460,20.7778,34,34,937.285,2.12187,259,-1,Location 1,Free Practice 2
1614338520,20.7778,34,35,937.251,3.1828,288,-1,Location 1,Free Practice 2
1614338586,20.8333,34.2,35,937.115,5.30467,333,-1,Location 1,Free Practice 2
1614338651,20.8333,34.2,35,937.183,2.12187,281,-1,Location 1,Free Practice 2
1614338716,20.8889,34.3,35,937.149,2.12187,323,-1,Location 1,Free Practice 2
1614338781,20.9444,34.1,35,937.183,2.12187,306,-1,Location 1,Free Practice 2
1614338841,21,34.1,35,937.183,1.06093,281,-1,Location 1,Free Practice 2
1614338906,21.0556,33.4,34,937.183,3.1828,281,-1,Location 1,Free Practice 2
1614338971,21.1111,33.3,34,937.149,1.06093,285,-1,Location 1,Free Practice 2
1614344404,21.6667,28.5,33,937.285,4.24374,332,-1,Location 1,Qualifying Group 1
1614344465,21.7222,28.4,33,937.285,2.12187,317,-1,Location 1,Qualifying Group 1
1614344530,21.7222,28.2,33,937.285,3.1828,317,-1,Location 1,Qualifying Group 1
1614344595,21.7778,28.1,33,937.251,4.24374,334,-1,Location 1,Qualifying Group 1
1614266119,17.8333,20.2,45,936.845,8.48747,318,-1,Location 1,Free Practice 1
1614266180,17.7778,20.2,45,936.777,5.30467,314,-1,Location 1,Free Practice 1
1614266244,17.7778,20.1,45,936.709,2.12187,330,-1,Location 1,Free Practice 1
1614266310,17.7778,20.1,45,936.777,6.3656,315,-1,Location 1,Free Practice 1
1614266375,17.7222,20,45,936.811,5.30467,313,-1,Location 1,Free Practice 1
1614266440,17.7222,20,45,936.845,3.1828,298,-1,Location 1,Free Practice 1
1614266505,17.7222,20,45,936.845,3.1828,297,-1,Location 1,Free Practice 1
1614266569,17.7222,20,45,936.845,6.3656,284,-1,Location 1,Free Practice 1
1614266630,17.7222,20,45,936.845,6.3656,319,-1,Location 1,Free Practice 1
1614266695,17.6667,19.9,45,936.845,3.1828,281,-1,Location 1,Free Practice 1
1614266760,17.6667,19.8,45,936.777,7.42654,300,-1,Location 1,Free Practice 1
1614266825,17.6667,19.8,45,936.811,9.54841,275,-1,Location 1,Free Practice 1
1614266885,17.6667,19.8,45,936.743,5.30467,307,-1,Location 1,Free Practice 1
1614266950,17.6667,19.8,45,936.878,2.12187,296,-1,Location 1,Free Practice 1
1614267011,17.6667,19.7,45,936.878,5.30467,321,-1,Location 1,Free Practice 1
1614267076,17.6111,19.7,45,936.912,3.1828,344,-1,Location 1,Free Practice 1
1614267141,17.6111,19.6,45,936.878,6.3656,347,-1,Location 1,Free Practice 1
1614267206,17.6111,19.6,45,936.912,4.24374,329,-1,Location 1,Free Practice 1
1614267271,17.5556,19.6,45,936.912,3.1828,319,-1,Location 1,Free Practice 1
1614267336,17.5556,19.6,45,936.912,4.24374,294,-1,Location 1,Free Practice 1
1614267401,17.5556,19.6,45,937.014,8.48747,320,-1,Location 1,Free Practice 1
1614267461,17.5556,19.5,45,937.014,3.1828,287,-1,Location 1,Free Practice 1
1614267526,17.5556,19.5,45,937.048,4.24374,350,-1,Location 1,Free Practice 1
1614267592,17.5,19.5,45,937.014,5.30467,243,-1,Location 1,Free Practice 1
1614267656,17.5,19.5,45,936.912,3.1828,317,-1,Location 1,Free Practice 1
1614267717,17.5,19.5,45,936.98,10.6093,267,-1,Location 1,Free Practice 1
1614267782,17.4444,19.4,45,936.946,5.30467,326,-1,Location 1,Free Practice 1
1614267847,17.4444,19.4,45,936.98,2.12187,295,-1,Location 1,Free Practice 1
1614267912,17.4444,19.4,45,937.048,4.24374,342,-1,Location 1,Free Practice 1
1614267972,17.4444,19.3,45,937.048,1.06093,310,-1,Location 1,Free Practice 1
1614268037,17.3889,19.3,45,937.149,5.30467,328,-1,Location 1,Free Practice 1
1614268102,17.3889,19.3,45,937.183,8.48747,282,-1,Location 1,Free Practice 1
1614268167,17.3889,19.2,45,937.217,4.24374,314,-1,Location 1,Free Practice 1
1614268232,17.3889,19.2,45,937.319,3.1828,326,-1,Location 1,Free Practice 1
1614268293,17.3333,19.2,45,937.386,6.3656,314,-1,Location 1,Free Practice 1
1614268358,17.3333,19.1,45,937.319,2.12187,298,-1,Location 1,Free Practice 1
1614268423,17.3333,19.1,45,937.42,2.12187,297,-1,Location 1,Free Practice 1
1614268487,17.2778,19.1,45,937.454,4.24374,312,-1,Location 1,Free Practice 1
1614268548,17.2778,19.1,45,937.454,4.24374,300,-1,Location 1,Free Practice 1
1614268613,17.2778,19,45,937.42,1.06093,295,-1,Location 1,Free Practice 1
1614268678,17.2778,19,45,937.454,4.24374,263,-1,Location 1,Free Practice 1
1614268743,17.2778,19,45,937.454,4.24374,285,-1,Location 1,Free Practice 1
1614344915,21.8889,27.6,33,937.319,1.06093,319,-1,Location 1,Qualifying Group 2
1614344975,21.8889,27.4,33,937.217,2.12187,343,-1,Location 1,Qualifying Group 2
1614345041,21.8889,27.4,33,937.251,3.1828,318,-1,Location 1,Qualifying Group 2
1614345106,21.8889,27.3,33,937.285,1.06093,298,-1,Location 1,Qualifying Group 2
1614345872,21.6111,26.2,33,937.285,2.12187,272,-1,Location 1,Qualifying Group 4
1614345937,21.6111,26.1,33,937.251,0,272,-1,Location 1,Qualifying Group 4
1614346002,21.5556,26.1,33,937.217,2.12187,306,-1,Location 1,Qualifying Group 4
1614346062,21.6111,26,33,937.217,4.24374,331,-1,Location 1,Qualifying Group 4
1614345361,21.8889,26.9,33,937.251,6.3656,319,-1,Location 1,Qualifying Group 3
1614345426,21.8889,26.7,33,937.285,3.1828,288,-1,Location 1,Qualifying Group 3
1614345491,21.8889,26.7,33,937.285,3.1828,284,-1,Location 1,Qualifying Group 3
1614345551,21.8333,26.6,33,937.352,7.42654,303,-1,Location 1,Qualifying Group 3
1625926519,24.6667,30.1,77,1011.89,5.30467,22,-1,Location 6,Free Practice 2
1625926584,24.6667,30.3,78,1011.89,5.30467,5,-1,Location 6,Free Practice 2
1625926649,24.6667,30.3,77,1011.89,4.24374,5,-1,Location 6,Free Practice 2
1625926714,24.6667,30.2,77,1011.92,4.24374,21,-1,Location 6,Free Practice 2
1625926774,24.6111,30.2,77,1011.95,5.30466,350,-1,Location 6,Free Practice 2
1625926839,24.6111,30.2,77,1011.89,4.24373,360,-1,Location 6,Free Practice 2
1625926904,24.5556,30.2,78,1011.95,5.30466,19,-1,Location 6,Free Practice 2
1625926969,24.5556,30.3,78,1011.92,4.24374,326,-1,Location 6,Free Practice 2
1625927030,24.6111,30.2,78,1011.95,4.24374,360,-1,Location 6,Free Practice 2
1625927095,24.6667,30.2,78,1011.92,6.63655,24,-1,Location 6,Free Practice 2
1625927160,24.7222,30.2,77,1011.85,5.30466,5,-1,Location 6,Free Practice 2
1625927225,24.7778,30.2,77,1011.85,2.12186,22,-1,Location 6,Free Practice 2
1625927290,24.8333,30.4,77,1011.85,31.1827,5,-1,Location 6,Free Practice 2
1625927350,24.8333,30.4,77,1011.79,5.30466,34,-1,Location 6,Free Practice 2
1625927415,24.8889,30.4,77,1011.85,4.24373,348,-1,Location 6,Free Practice 2
1625927480,24.9444,30.5,77,1011.82,5.30467,349,-1,Location 6,Free Practice 2
1625927545,25,30.6,77,1011.85,5.30467,11,-1,Location 6,Free Practice 2
1625927605,25,30.6,76,1011.82,4.24373,21,-1,Location 6,Free Practice 2
1625927671,25.0556,30.7,76,1011.79,7.42654,9,-1,Location 6,Free Practice 2
1625927736,25.1111,30.7,76,1011.79,7.42654,13,-1,Location 6,Free Practice 2
1625927800,25.0556,30.7,76,1011.85,4.24373,355,-1,Location 6,Free Practice 2
1625927861,25.0556,30.9,76,1011.82,6.3655,350,-1,Location 6,Free Practice 2
1625927926,25.0556,31,76,1011.85,5.30466,5,-1,Location 6,Free Practice 2
1625927991,25.1111,31.1,76,1011.79,1.27311,13,-1,Location 6,Free Practice 2
1625928056,25.0556,31.2,76,1011.85,5.30466,5,-1,Location 6,Free Practice 2
1625928116,25.0556,31.2,76,1011.79,4.24374,360,-1,Location 6,Free Practice 2
1625928181,25.0556,31.2,76,1011.85,4.24374,355,-1,Location 6,Free Practice 2
1625928247,25.1111,31.2,76,1011.85,4.24374,340,-1,Location 6,Free Practice 2
1625934636,25.3333,34.8,76,1012.8,2.12186,11,-1,Location 6,Qualifying Group 1
1625934701,25.3333,34.9,76,1012.84,31.1827,346,-1,Location 6,Qualifying Group 1
1625934762,25.2778,34.9,76,1012.87,5.30466,12,-1,Location 6,Qualifying Group 1
1625934827,25.2778,34.9,76,1012.8,31.1827,13,-1,Location 6,Qualifying Group 1
1625918406,23.3333,24.9,81,1011.11,4.24373,311,-1,Location 6,Free Practice 1
1625918466,23.3333,25,81,1011.01,5.30466,331,-1,Location 6,Free Practice 1
1625918532,23.3333,25.1,81,1011.01,2.12186,9,-1,Location 6,Free Practice 1
1625918597,23.3889,25.1,81,1011.01,5.30466,338,-1,Location 6,Free Practice 1
1625918661,23.4444,25.1,81,1011.11,6.3655,355,-1,Location 6,Free Practice 1
1625918722,23.4444,25.1,81,1011.07,31.1827,342,-1,Location 6,Free Practice 1
1625918787,23.5,25.1,81,1011.18,1.06093,5,-1,Location 6,Free Practice 1
1625918852,23.5556,25.1,80,1011.14,1.06093,21,-1,Location 6,Free Practice 1
1625918917,23.5556,25.1,81,1011.14,1.06093,347,-1,Location 6,Free Practice 1
1625918977,23.6667,25.1,81,1011.21,31.1827,330,-1,Location 6,Free Practice 1
1625919042,23.7222,25.2,81,1011.28,6.3655,355,-1,Location 6,Free Practice 1
1625919107,23.7778,25.2,80,1011.21,5.30466,333,-1,Location 6,Free Practice 1
1625919172,23.7778,25.2,80,1011.24,4.24373,329,-1,Location 6,Free Practice 1
1625919233,23.8333,25.2,80,1011.24,2.12187,5,-1,Location 6,Free Practice 1
1625919298,23.8889,25.2,80,1011.31,2.12187,355,-1,Location 6,Free Practice 1
1625919363,24,25.2,80,1011.28,31.1827,13,-1,Location 6,Free Practice 1
1625919428,24.0556,25.2,79,1011.35,4.24373,11,-1,Location 6,Free Practice 1
1625919493,24.1111,25.3,79,1011.24,31.1828,21,-1,Location 6,Free Practice 1
1625919553,24.1111,25.3,79,1011.31,31.1828,32,-1,Location 6,Free Practice 1
1625919618,24.1111,25.4,79,1011.35,31.1828,19,-1,Location 6,Free Practice 1
1625919683,24.1111,25.4,79,1011.28,31.1828,17,-1,Location 6,Free Practice 1
1625919748,24.1111,25.5,79,1011.31,31.1828,342,-1,Location 6,Free Practice 1
1625919808,24.1667,25.5,79,1011.28,4.24373,17,-1,Location 6,Free Practice 1
1625919874,24.2222,25.5,79,1011.24,5.30466,345,-1,Location 6,Free Practice 1
1625919939,24.2778,25.6,79,1011.31,4.24373,355,-1,Location 6,Free Practice 1
1625920003,24.3333,25.6,78,1011.31,31.1827,355,-1,Location 6,Free Practice 1
1625920064,24.3333,25.7,78,1011.35,5.30466,342,-1,Location 6,Free Practice 1
1625920129,24.3889,25.7,78,1011.28,2.12186,19,-1,Location 6,Free Practice 1
1625920194,24.4444,25.8,78,1011.35,4.24373,36,-1,Location 6,Free Practice 1
1625920259,24.4444,25.9,78,1011.35,5.30466,355,-1,Location 6,Free Practice 1
1625920319,24.4444,26,78,1011.41,4.24373,360,-1,Location 6,Free Practice 1
1625920384,24.4444,26.1,78,1011.41,31.1827,355,-1,Location 6,Free Practice 1
1625920450,24.4444,26.2,78,1011.35,2.12186,360,-1,Location 6,Free Practice 1
1625920514,24.4444,26.3,78,1011.41,4.24373,23,-1,Location 6,Free Practice 1
1625920575,24.4444,26.4,77,1011.41,7.42653,17,-1,Location 6,Free Practice 1
1625920640,24.4444,26.5,78,1011.28,8.48746,348,-1,Location 6,Free Practice 1
1625920705,24.3889,26.5,78,1011.35,4.24373,336,-1,Location 6,Free Practice 1
1625920770,24.3889,26.6,78,1011.24,6.3655,347,-1,Location 6,Free Practice 1
1625920835,24.3333,26.7,77,1011.28,4.24373,334,-1,Location 6,Free Practice 1
1625920895,24.3333,26.7,77,1011.28,31.1827,18,-1,Location 6,Free Practice 1
1625920960,24.3333,26.8,78,1011.35,4.24373,338,-1,Location 6,Free Practice 1
1625921025,24.3333,26.9,78,1011.35,6.3655,28,-1,Location 6,Free Practice 1
1625921090,24.3333,26.9,78,1011.28,31.1827,17,-1,Location 6,Free Practice 1
1625935087,24.3889,35.1,77,1012.84,2.12187,15,-1,Location 6,Qualifying Group 2
1625935147,24.4444,35.2,77,1012.8,2.12187,19,-1,Location 6,Qualifying Group 2
1625935212,25.5556,35.2,76,1012.9,2.12187,25,-1,Location 6,Qualifying Group 2
1625935277,25.6667,35.2,76,1012.97,31.1827,44,-1,Location 6,Qualifying Group 2
1625935342,25.6667,35.2,75,1012.87,4.24374,346,-1,Location 6,Qualifying Group 2
1625935402,25.6667,35.2,75,1012.9,4.24374,338,-1,Location 6,Qualifying Group 2
1625935468,25.6667,35.3,75,1012.9,1.06092,340,-1,Location 6,Qualifying Group 2
1625935533,25.6111,35.3,75,1012.9,2.12187,10,-1,Location 6,Qualifying Group 2
1625935597,25.6111,35.3,76,1012.87,2.12187,16,-1,Location 6,Qualifying Group 2
1625935658,25.6111,35.4,76,1012.87,31.1828,336,-1,Location 6,Qualifying Group 2
1625935723,25.6111,35.4,76,1012.87,31.1828,339,-1,Location 6,Qualifying Group 2
1625935788,25.5556,35.3,76,1012.84,1.06092,5,-1,Location 6,Qualifying Group 2
1625935853,25.6111,35.3,76,1012.8,31.1827,83,-1,Location 6,Qualifying Group 2
1625935913,25.5556,35.2,76,1012.84,1.06092,24,-1,Location 6,Qualifying Group 2
1625936684,25.6111,36.1,75,1012.8,2.12186,5,-1,Location 6,Qualifying Group 4
1625936745,25.6111,36,75,1012.84,31.1827,355,-1,Location 6,Qualifying Group 4
1625936810,25.6111,36,75,1012.84,2.12186,343,-1,Location 6,Qualifying Group 4
1625936875,25.6111,35.9,75,1012.84,31.1827,324,-1,Location 6,Qualifying Group 4
1625936173,25.5556,35.3,76,1012.97,1.06092,5,-1,Location 6,Qualifying Group 3
1625936234,25.5556,35.4,76,1012.9,2.12186,5,-1,Location 6,Qualifying Group 3
1625936299,25.5556,35.8,76,1012.87,1.06092,328,-1,Location 6,Qualifying Group 3
1625936364,25.5556,36.4,76,1012.87,31.1827,321,-1,Location 6,Qualifying Group 3
